-- phpMyAdmin SQL Dump
-- version 5.0.1
-- https://www.phpmyadmin.net/
--
-- Servidor: 127.0.0.1
-- Tiempo de generación: 11-12-2020 a las 16:21:23
-- Versión del servidor: 10.4.11-MariaDB
-- Versión de PHP: 7.4.3

SET SQL_MODE = "NO_AUTO_VALUE_ON_ZERO";
SET AUTOCOMMIT = 0;
START TRANSACTION;
SET time_zone = "+00:00";


/*!40101 SET @OLD_CHARACTER_SET_CLIENT=@@CHARACTER_SET_CLIENT */;
/*!40101 SET @OLD_CHARACTER_SET_RESULTS=@@CHARACTER_SET_RESULTS */;
/*!40101 SET @OLD_COLLATION_CONNECTION=@@COLLATION_CONNECTION */;
/*!40101 SET NAMES utf8mb4 */;

--
-- Base de datos: `sistema_franclar`
--

-- --------------------------------------------------------

--
-- Estructura de tabla para la tabla `tbl_bitacora_evento`
--

CREATE TABLE `tbl_bitacora_evento` (
  `id_bitacora_evento` int(11) NOT NULL,
  `fecha_evento` timestamp NOT NULL DEFAULT current_timestamp(),
  `id_usuario` bigint(3) NOT NULL,
  `id_objeto` bigint(3) NOT NULL,
  `Accion` varchar(30) NOT NULL,
  `Descripcion` varchar(100) NOT NULL
) ENGINE=InnoDB DEFAULT CHARSET=utf8mb4;

--
-- Volcado de datos para la tabla `tbl_bitacora_evento`
--

INSERT INTO `tbl_bitacora_evento` (`id_bitacora_evento`, `fecha_evento`, `id_usuario`, `id_objeto`, `Accion`, `Descripcion`) VALUES
(1, '2020-12-11 15:12:11', 1, 4, 'Acceso', 'INGRESO A PANTALLA PACIENTES'),
(2, '2020-12-11 15:13:36', 1, 4, 'Insert', 'SE INGRESÓ UN NUEVO PACIENTE'),
(3, '2020-12-11 15:14:29', 1, 4, 'Insert', 'SE EDITO UN PACIENTE'),
(4, '2020-12-11 15:14:39', 1, 7, 'Acceso', 'INGRESO A PANTALLA CITAS'),
(5, '2020-12-11 15:15:23', 1, 7, 'Insert', 'SE INGRESÓ UNA NUEVA CITA'),
(6, '2020-12-11 15:15:31', 1, 6, 'Acceso', 'INGRESO A PANTALLA PRECLINICA'),
(7, '2020-12-11 15:15:52', 1, 6, 'Insert', 'SE REALIZO PRECLINICA'),
(8, '2020-12-11 15:15:58', 1, 5, 'Acceso', 'INGRESO A PANTALLA CONSULTA'),
(9, '2020-12-11 15:17:31', 1, 8, 'Acceso', 'INGRESO A PANTALLA CAJA');

-- --------------------------------------------------------

--
-- Estructura de tabla para la tabla `tbl_cargo`
--

CREATE TABLE `tbl_cargo` (
  `ID_Cargo` int(3) NOT NULL,
  `nomb_cargo` varchar(30) NOT NULL
) ENGINE=InnoDB DEFAULT CHARSET=utf8mb4;

--
-- Volcado de datos para la tabla `tbl_cargo`
--

INSERT INTO `tbl_cargo` (`ID_Cargo`, `nomb_cargo`) VALUES
(1, 'Doctor(a)'),
(2, 'Enfermero(a)'),
(3, 'Cajero(a)'),
(4, 'LIMPIEZA'),
(5, 'Seguridad'),
(6, 'Auto_Registro');

-- --------------------------------------------------------

--
-- Estructura de tabla para la tabla `tbl_citas`
--

CREATE TABLE `tbl_citas` (
  `ID_Cita` bigint(3) NOT NULL,
  `ID_Paciente` int(3) NOT NULL,
  `ID_Usuario` bigint(3) NOT NULL,
  `ID_Empleado` int(3) NOT NULL,
  `ID_Especialidad` int(3) NOT NULL,
  `ID_Estado` int(3) NOT NULL,
  `Fec_Creacion` timestamp NOT NULL DEFAULT current_timestamp(),
  `Fec_Atencion` date NOT NULL,
  `Hora_Atencion` time NOT NULL,
  `Precio` int(5) NOT NULL,
  `Usuario_crea` bigint(3) DEFAULT NULL,
  `Fec_crea` date DEFAULT NULL,
  `Usuario_modif` bigint(3) DEFAULT NULL,
  `Fec_modif` date DEFAULT NULL
) ENGINE=InnoDB DEFAULT CHARSET=utf8mb4;

--
-- Volcado de datos para la tabla `tbl_citas`
--

INSERT INTO `tbl_citas` (`ID_Cita`, `ID_Paciente`, `ID_Usuario`, `ID_Empleado`, `ID_Especialidad`, `ID_Estado`, `Fec_Creacion`, `Fec_Atencion`, `Hora_Atencion`, `Precio`, `Usuario_crea`, `Fec_crea`, `Usuario_modif`, `Fec_modif`) VALUES
(1, 1, 1, 1, 1, 4, '2020-12-11 15:15:23', '2020-12-12', '08:00:00', 200, NULL, NULL, NULL, NULL);

-- --------------------------------------------------------

--
-- Estructura de tabla para la tabla `tbl_cobros_adicionales`
--

CREATE TABLE `tbl_cobros_adicionales` (
  `ID_cobro_adicional` int(11) NOT NULL,
  `Descripcion_cobro` varchar(100) NOT NULL,
  `Precio_cobro` int(11) NOT NULL
) ENGINE=InnoDB DEFAULT CHARSET=utf8mb4;

--
-- Volcado de datos para la tabla `tbl_cobros_adicionales`
--

INSERT INTO `tbl_cobros_adicionales` (`ID_cobro_adicional`, `Descripcion_cobro`, `Precio_cobro`) VALUES
(1, 'PRUEBA', 150);

-- --------------------------------------------------------

--
-- Estructura de tabla para la tabla `tbl_consultas`
--

CREATE TABLE `tbl_consultas` (
  `ID_Consulta` bigint(3) NOT NULL,
  `ID_Cita` bigint(3) NOT NULL,
  `Diagnostico` varchar(200) NOT NULL,
  `Anamnesis` varchar(500) NOT NULL,
  `Exam_Fisico` varchar(500) NOT NULL,
  `Tratamiento` varchar(200) NOT NULL,
  `Usuario_crea` bigint(3) DEFAULT NULL,
  `Fec_crea` date DEFAULT NULL,
  `Usuario_modif` bigint(3) DEFAULT NULL,
  `Fec_modif` date DEFAULT NULL
) ENGINE=InnoDB DEFAULT CHARSET=utf8mb4;

--
-- Volcado de datos para la tabla `tbl_consultas`
--

INSERT INTO `tbl_consultas` (`ID_Consulta`, `ID_Cita`, `Diagnostico`, `Anamnesis`, `Exam_Fisico`, `Tratamiento`, `Usuario_crea`, `Fec_crea`, `Usuario_modif`, `Fec_modif`) VALUES
(1, 1, 'PRUEBA', 'PRUEBA', 'PRUEBA', 'PRUEBA', NULL, NULL, NULL, NULL);

-- --------------------------------------------------------

--
-- Estructura de tabla para la tabla `tbl_detalle_factura`
--

CREATE TABLE `tbl_detalle_factura` (
  `id_detalle` int(11) NOT NULL,
  `ID_Factura` int(11) NOT NULL,
  `descripcion` varchar(150) NOT NULL,
  `cobro` int(11) NOT NULL
) ENGINE=InnoDB DEFAULT CHARSET=utf8mb4;

--
-- Volcado de datos para la tabla `tbl_detalle_factura`
--

INSERT INTO `tbl_detalle_factura` (`id_detalle`, `ID_Factura`, `descripcion`, `cobro`) VALUES
(1, 1, 'Medicina General', 200),
(2, 1, 'PRUEBA', 150);

-- --------------------------------------------------------

--
-- Estructura de tabla para la tabla `tbl_empleado`
--

CREATE TABLE `tbl_empleado` (
  `ID_Empleado` int(3) NOT NULL,
  `Nom_Empleado` varchar(50) NOT NULL,
  `ID_Sexo` int(1) NOT NULL,
  `ID_Est_Civil` int(3) NOT NULL,
  `ID_Cargo` int(3) NOT NULL,
  `ID_Especialidad` int(3) NOT NULL,
  `Cedula` varchar(13) NOT NULL,
  `Fec_Nacimiento` date NOT NULL,
  `Dir_Empleado` varchar(255) NOT NULL,
  `Tel_Empleado` int(8) NOT NULL,
  `Cel_Empleado` int(8) NOT NULL,
  `Salario` int(6) NOT NULL,
  `Usuario_crea` bigint(3) DEFAULT NULL,
  `Fec_crea` date DEFAULT NULL,
  `Usuario_modif` bigint(3) DEFAULT NULL,
  `Fec_modif` date DEFAULT NULL
) ENGINE=InnoDB DEFAULT CHARSET=utf8mb4;

--
-- Volcado de datos para la tabla `tbl_empleado`
--

INSERT INTO `tbl_empleado` (`ID_Empleado`, `Nom_Empleado`, `ID_Sexo`, `ID_Est_Civil`, `ID_Cargo`, `ID_Especialidad`, `Cedula`, `Fec_Nacimiento`, `Dir_Empleado`, `Tel_Empleado`, `Cel_Empleado`, `Salario`, `Usuario_crea`, `Fec_crea`, `Usuario_modif`, `Fec_modif`) VALUES
(1, 'Jean Carlos Núñez Salgado', 1, 2, 1, 1, '', '0000-00-00', 'Col venezuela sector B.....', 22091139, 33876298, 15000, NULL, NULL, NULL, NULL),
(3, 'Carlos Fabricio Nuñez Ramires', 1, 3, 2, 1, '', '0000-00-00', 'Col. Venezuela Sector B Bloque 8 casa 17', 22278000, 33876298, 30000, NULL, NULL, NULL, NULL),
(11, 'JOSUE ALLAN GONZALES RAMIRES', 1, 2, 3, 3, '0801199714588', '1987-10-08', 'WINFEIUFGEFVDFVDF', 22222222, 99999999, 20000, NULL, NULL, NULL, NULL),
(12, 'WILDER EDUARDO RAMIRES ', 1, 1, 5, 7, '0801199714078', '1982-09-05', 'SJDNVSDHOFIVBDVRFGBRGBRFGBGF', 22222222, 88888888, 20000, NULL, NULL, NULL, NULL),
(17, 'JEAN CARLOS NUEZ', 1, 1, 6, 8, '0801199714079', '1980-10-14', 'ASDSDJNSDSDSDSDD', 22222222, 99999999, 0, NULL, NULL, NULL, NULL),
(18, 'JOSUE ROLANDO RAMIRES GONZALES', 1, 1, 1, 2, '0801199714079', '1997-10-14', 'AASSDSSSDDSDSSSDSDSD', 22222222, 99999999, 20000, NULL, NULL, NULL, NULL),
(20, 'JOSUE CACERES ACOSTA', 1, 1, 6, 8, '0801115556666', '1980-10-04', 'SDSDCSDCSDCSD', 22222222, 99999999, 0, NULL, NULL, NULL, NULL),
(21, 'JEAN CARLOS RODRIGUEZ', 1, 1, 6, 8, '0801199714089', '1980-11-10', 'SDFDFDGBDFGBDFGB', 22222222, 99999999, 0, NULL, NULL, NULL, NULL),
(22, 'JUAN JOSE RODRIGUEZ ALMENDAREZ', 1, 1, 4, 9, '0801199614079', '1988-06-14', 'OSDIUBDINDFDFDF FDDFFDFDFDF', 22222222, 99999999, 10000, NULL, NULL, NULL, NULL);

-- --------------------------------------------------------

--
-- Estructura de tabla para la tabla `tbl_especialidad`
--

CREATE TABLE `tbl_especialidad` (
  `ID_especialidad` int(3) NOT NULL,
  `Descripcion_espec` varchar(30) NOT NULL,
  `Precio` int(5) NOT NULL
) ENGINE=InnoDB DEFAULT CHARSET=utf8mb4;

--
-- Volcado de datos para la tabla `tbl_especialidad`
--

INSERT INTO `tbl_especialidad` (`ID_especialidad`, `Descripcion_espec`, `Precio`) VALUES
(1, 'Medicina General', 200),
(2, 'Ortopedia', 800),
(3, 'Fisioterapia', 0),
(4, 'Nutrición', 0),
(5, 'Odontología', 0),
(6, 'Psicología', 0),
(7, 'Podología', 0),
(8, 'Auto_Registro', 0),
(9, 'Sin Especialidad', 0);

-- --------------------------------------------------------

--
-- Estructura de tabla para la tabla `tbl_estado_cita`
--

CREATE TABLE `tbl_estado_cita` (
  `ID_Estado` int(3) NOT NULL,
  `Descripcion_est_cita` varchar(20) NOT NULL
) ENGINE=InnoDB DEFAULT CHARSET=utf8mb4;

--
-- Volcado de datos para la tabla `tbl_estado_cita`
--

INSERT INTO `tbl_estado_cita` (`ID_Estado`, `Descripcion_est_cita`) VALUES
(1, 'Pendiente'),
(2, 'Preclínica'),
(3, 'Pendiente de Pago'),
(4, 'Pagada'),
(5, 'Vencida');

-- --------------------------------------------------------

--
-- Estructura de tabla para la tabla `tbl_estado_civil`
--

CREATE TABLE `tbl_estado_civil` (
  `ID_Est_Civil` int(3) NOT NULL,
  `Descripcion_est_civil` varchar(15) NOT NULL
) ENGINE=InnoDB DEFAULT CHARSET=utf8mb4;

--
-- Volcado de datos para la tabla `tbl_estado_civil`
--

INSERT INTO `tbl_estado_civil` (`ID_Est_Civil`, `Descripcion_est_civil`) VALUES
(1, 'Soltero(a)'),
(2, 'Casado(a)'),
(3, 'Unión Libre'),
(4, 'Viudo(a)'),
(5, 'Divorciado(a)');

-- --------------------------------------------------------

--
-- Estructura de tabla para la tabla `tbl_estado_usuario`
--

CREATE TABLE `tbl_estado_usuario` (
  `ID_Estado` int(3) NOT NULL,
  `Descripcion` varchar(15) NOT NULL
) ENGINE=InnoDB DEFAULT CHARSET=utf8mb4;

--
-- Volcado de datos para la tabla `tbl_estado_usuario`
--

INSERT INTO `tbl_estado_usuario` (`ID_Estado`, `Descripcion`) VALUES
(1, 'Activo'),
(2, 'Bloqueado'),
(3, 'Recuperación'),
(4, 'Auto_Registro');

-- --------------------------------------------------------

--
-- Estructura de tabla para la tabla `tbl_expediente`
--

CREATE TABLE `tbl_expediente` (
  `ID_expediente` bigint(3) NOT NULL,
  `ID_paciente` int(3) NOT NULL,
  `ID_Cita` bigint(3) NOT NULL,
  `Fec_atencion` timestamp NOT NULL DEFAULT current_timestamp(),
  `imagen` mediumblob DEFAULT NULL,
  `tipo_imagen` varchar(50) NOT NULL,
  `Usuario_crea` bigint(3) DEFAULT NULL,
  `Fec_crea` date DEFAULT NULL,
  `Usuario_modif` bigint(3) DEFAULT NULL,
  `Fec_modif` date DEFAULT NULL
) ENGINE=InnoDB DEFAULT CHARSET=utf8mb4;

--
-- Volcado de datos para la tabla `tbl_expediente`
--

INSERT INTO `tbl_expediente` (`ID_expediente`, `ID_paciente`, `ID_Cita`, `Fec_atencion`, `imagen`, `tipo_imagen`, `Usuario_crea`, `Fec_crea`, `Usuario_modif`, `Fec_modif`) VALUES
(1, 1, 1, '2020-12-11 15:16:52', NULL, '', NULL, NULL, NULL, NULL);

-- --------------------------------------------------------

--
-- Estructura de tabla para la tabla `tbl_facturas`
--

CREATE TABLE `tbl_facturas` (
  `ID_factura` int(11) NOT NULL,
  `ID_cita` bigint(3) NOT NULL,
  `ID_Paciente` int(3) NOT NULL,
  `ID_Especialidad` int(3) NOT NULL,
  `Pago` int(11) NOT NULL,
  `Fec_emision` timestamp NOT NULL DEFAULT current_timestamp()
) ENGINE=InnoDB DEFAULT CHARSET=utf8mb4;

--
-- Volcado de datos para la tabla `tbl_facturas`
--

INSERT INTO `tbl_facturas` (`ID_factura`, `ID_cita`, `ID_Paciente`, `ID_Especialidad`, `Pago`, `Fec_emision`) VALUES
(1, 1, 1, 1, 200, '2020-12-11 15:16:53');

-- --------------------------------------------------------

--
-- Estructura de tabla para la tabla `tbl_fotos_consultas`
--

CREATE TABLE `tbl_fotos_consultas` (
  `ID_foto` int(11) NOT NULL,
  `ID_Cita` bigint(3) NOT NULL,
  `tipo_imagen` varchar(50) NOT NULL,
  `imagen` mediumblob NOT NULL
) ENGINE=InnoDB DEFAULT CHARSET=utf8mb4;

--
-- Volcado de datos para la tabla `tbl_fotos_consultas`
--

INSERT INTO `tbl_fotos_consultas` (`ID_foto`, `ID_Cita`, `tipo_imagen`, `imagen`) VALUES
(1, 1, 'image/png', 0x89504e470d0a1a0a0000000d494844520000050000000400080200000031f16314000000017352474200aece1ce90000000467414d410000b18f0bfc6105000000097048597300000ec300000ec301c76fa8640000ffa549444154785eecdd079c1365fec7f19ca79ee5eebcfff5b39cfdaaedec80482f822882740bb05244445414a4f75e96debb20528415e9bd48efbdb3f4de7bd9cdff379967269399249bec264b76f379bf7eaf75f2cc33cf944ce27c996cd6e50600000000200eb85e0400000000201b5179d7c1d5efa77514455114455114455114956d4ae55d070230455114455114455154d6a8ee6317d76edefffdcfda47b6644c1939d356316cf4ecf7739728f0c7c7225b32a68cacaf42e55d07578df2ffaa5de93f49bd0b76feeae54fcafda764c1a7f3e7cf99b7e85b252ad6e8f4eddcfe3fada7288aa2288aa2288aa262a1aa7d9d3863d1babd47cf47b6644c1939d356f1f63f5e9a3960e0c58dab225b32a68cacaf42e55d07d78595ef7fd7294fa9420faf1b5f72ef94f2bb2695dffe7d85c10df23d72ffafeb751cda7fca7a8aa2288aa2288aa2282a16eac3ba1d244c2eda7424b22563cac899b68a027f7cecc2fa15c7be1f14d9923165647d152aef3ab80ab57bf2cb112f2ef8ee9db2451feddd20d78ef1157a7cfe5af5b2ffecdb3ce7d79d860f98ba81a2288aa2288aa2288a8a85aafc79c73d47ce2fd87824b22563cac861ada26de288d265abdb4a1a6dddccb2ae4262eaf935cb8e8cee7ff43b4fc984a7f416f9a94d18d3e65c4f0d504b8d1ee05dd098903165647d152aef3ab85cb95daeb75dbffefbdd7dc614ec56ffe5822f3ff075d5a78f2daad0a769cefa9d870f9cb631684d7aeb6197f270ad16d2d2afd6fdaec7dfea67eb968eeaf2a21a578435a02c989e0da821c7c1d7fdef4db2f5c9ac721c5555b26b856b781fea2dd69d4de7be5bcab98a8d031b16561be39c156245e0acf0bbef5ee13c59193f4a52696ccf8b0d033506da6c7f8b073cf2e10ce253014e2def8a1ca3e5ee623c54d5e2bdc78d97a47575e6219546ebe1550f83bfbeb4b93e2bf2d911fb931b646b0db67d778c6f3bb6b26c7acfed102b626f8c41ca76e403956d678d53e2e1c22faa09db7b8e29bddb1f6cdff56d8efef10fa99c9ba16f9eb5257d95ee71c25d30521b4c511445c5745551e9f470644bc69491c35a85c4ddeb0ed268eb669675151253cfae5c7c78446f6f8df49467ba6fc3c666a29669bf2dce3a34a2b78c2923ebab5079d7c1e56ae57225b85c655db7b5bc6d6c9f629b27953e30abfcbe99e57b7e93e39b2e2386ccd814b006c8658deba546de876f9bd311a82e2fb91e7f7b8036ddfafdc7e59aacb5bd43a0f22e18b882f40965f16856d0a3faf1eb96595ad9b636021b6f5f85b63d453e36a6c3798a237c2483eebb4cbb5caf77b1cc0d52ce0d4bcfa606db9e46455ceaa0055f974c9b9bede819ecc8873c88b5029d5adad69a4b25bdfdb0ebfef7933cd3da68f73f6c1bd0b33ad5dfbb3acb8bd4b60dc11f7a4a36ece1222ff9acc8da4da62d4f6ed0ad55eddee3ef29e7f88e63eb78362352fe76368a15eaea029fbace11bc2d61be0f87586afcf41eff507739c40afa2693914af738e12ee8ec1fe14344511445c54255f9a2d3ee23e7e76d3c12d9923165e4b0562159f4988334daba99655d85c4d433cb161c1c927870b056078c09bd64109556dd6e99ee53ff1b5bcb0159c4d25f1bc733828c2923ebab50bd1d5cae462ed7e72ed7332e576957ee12ffdcfb53f99d49e5764f2edfedcb1cdf741d3974e69600f563c9875d2f35b63546b0babde47aa2e440e7749a154ae7207dc25a57c42bada33af093075eef6669b16d6d2436deb68ac6455c0f7fd2da7c184645fa4806df7799eb2a52cb3b374839372c5d9b1a6c7bcce9b4d6e5dd6c47cf60473ee441bc15e8d472b4fb8ef6d2eb4f3cf0fe8fdeb9b255af1731d6625d9d396ddb86e00fb56afdbeb60afda7d1e8dbcdbb49696cadb188cfe27ec6771e5b19c7e7d98c48f9d9d96856c8abb3efacb9a073046b4b3476c718339dc73fd29b14f0c864b0d23d4eb80b3afb47fa1051144551315055bfec2c4972eec62391ad5d472ec8c869aea28dbf8f3d9ba50760db2266c998e62a24a69e5a3c677fbf4efbfa7baa5f676342fbd9fbabfa324e8ac1362d73f77b3aeb3f3dd5599f963165647d152aef3ab85c755cae4497eb4d97ab9aeb813cf76f1d5b714287c21fbcf954e137dfe939eee711b3b7f9afc1b51f7015ad6d6bd42af165d713ef0c96899fde313e6cf972137d96a3451b4431fa98658ee3335d3b8feaefca9368f4b40d6b769609a39b7745b2cd9e769d7710b3aceb550f5fcef38467c150d66e5b977d0463a90015e8a83629ea7ab8763b6d5a5667df3c7f0fc3da2a5b67e72a5c0f7cf093f1502bc771f0acf783a27a9ba7b3b694a2f53137ccdf3134b6ed810f6a7b77c7bbc1e6b9117cdfb5bd08b0b3b61d3417f46c649ea2f6f3c1cfaa3d8b3431b7533f1a81b7c7fb7cd936d2d9626eb6df9ef6236f54e88318a5ed94bf53cb4fbbb95ffa68f2d3eca0cf32d7625d9ddfc6341f4a19ab932d51074dcad6cdd8c1b4b7d6d3e83dfe960ef6f16dc7d61c472fcf68f6675c6b0cf9dd405b85e2fb12f0ede669d1f64b314e39b37c566ae9691c07a325c0cb47ef665ba3bf9dd51e5a37d236cb67daef3b80e55dceb6ba3416f4ccb26d9273173c3dd37a9309f74039b627d091b10e68798e426df48c633f9dd23c858c05b50df0ecacb79b31cbdf296ae9ef7873a3288aa2b24579d2e985b91b8f46b6f4006cae62977607f8a8b3247faacf3a5b48a33e6bfffefdfab4dfb2ae420fc07b7bb7dbdbab9dfc4c96094fe913c9bddaf5aaf795735dd222edaa5b2fef527ac9527a00d657a1f2ae83cb55dee56aec727decbaadfb6dff2df49fc2f972bc5fbb51bf49cbbf9dbb3d580df9f481473eed606bd4aafb2bae274a0dd9fe6db3a2ae3cdd2ded534a3de27ae0c3299616e9e97aa599675a46d397f299ab5a3a7cf884cbbe2e73aedf616596d6ae06b70c255be5e96c69b1976d963cb48daf37065fbb67dabb2ee708012ad051958369b6ab61f559ceadf53cb41ffca05b65ef6c5b8594b69bc2389e6699c36aa3a941643457d14f7de6daa66d2ddab2fac8da13ed68f4393782edbbf98c5bdaf5fefe8f468033c4ffaab546f51404db1e83777596463f8745cabad926bda79a2b8ced342bac413c15e8d4f2d36e3f929fe6b11c10adb3b976ef66585ea4b66d0bfed0ba01b25e7396ad9bb149696cadc1fa74fb1f5f7fa8f555bb26e57c36f5056504b5315aa3ef4b436fd4e76a03faceb5ee45f06e9623ecb3e36aaed1df32a0da5aefb2be2f1fdf6e69bcc6cdfe9605edb382bf0fcb84b991c18f83adc532cbff26f9ec695a6f32e11e28b39cfd6deddec56de743e88d7ede4054996b0974e8b47635a6cf2cbfa7a8adbf3938455114957d2aa15e97659b0ff64b5ae5b7be6cd15b5262a092b9b6fe66c99832729aab9041f48f3a5b99e3efdab54b7eda1631cbba0a89a9db07749d5ee0a920d5b24471ebea645a5a6c7d6c2563cac8fa2a54de75d0eefdfebaf8af73bcfb4acb9eed1bb7d43668d4bc1d69d7d04f1f74bd51c7d6a895f6bfdbd243f50eae072b4f55edcefebe2d75f2caffb02d73b5714c96059bbda1dabc6bb16d86b6010f3e625bb545deeede8df42e65966d96efc334d71ee2babcdd821d9300d5fd15b9e831a7fd6ead67fc508f80adb356d65518e5e9a69e23db71f0d90c73da6fa3bf63e8dc1d6d5ddee360393782ecfbd4d28f98cb5ac8ceda77505bd0e70cb10ee57fd53eeb4a637b7c46b06da4b3c5d86c3f3d8df26cbfe3d5918e41fc9d5a7eda1da3491fcf6e3a8e864c9802ed72f0873b3a547ec27c2264da73723abb599fdc10b6d6d227c0f846699dd33ebbfc9e0621be1719fdfd6f9e56be2d96b34b2fcb209eadf5d2cf6dff67a0859f9780a7b39f9db56eb039cb64d9ec20ef00bebbe329cbdce06f1de6263977c1d6d3efe2e6b4df23e0f7c9b56f8f67aeff43ea788e426ff4d94ecb531cda29e4fb66e533cb31a6b3bf4f378aa2282a7b9464c8e55b0e0ef871b5df9294a8729e3f32d7d6df2c195346f659c5e4d5ced213a9fc344b7fb8d520d3b645cc5abee590b90a3d00cf7ae38599c55e98554cfdf4d48bb3de7851265abdf3960cb5df97b448bbd64116f494d65f5be405bdf400acaf42edb383ab4ef72f068f183373f1eaae3d070c9cb46ccc82dda1d5f4771f71bddac2d628d5f355d793ef0e570f3b577952fedfae751bfed983ae6275ad3d7d5beae6b58de6338e2aef22b276cf5ce7b0da82ae071f79d295b7a763296b1fc7e0aa6cb32c0f43597b78eb7256a0a3ea539663656c893ecb77edc10ebe63abbc9d3d0f1d4f87565a1f39aacee3e0339a39edafd1b9acb43cf25967cff8feba6965dd18cbb4757ccb22becb9a65d94159d0f70cb10ee57fd5d675f93c477eb747d6f56095e9b646a37c5bbcab73f6f4963af2de96740c12e8d472b4fb19cdf364b5309f29b3ddefea8c67567f687f3a6c8bc8431b7f3be21d2494adb51d7f1bebc6a8cee6b10d7076992bb534fa6c92a7d1bea752d6418c696737df16ebd9ee29bf2b354a5ad27af99865790968e56f67ad1b6c9b6529eff8e6731d7423fd6c98bf05ad9b1464109f69bf8dfe1697966007cadc1eadfc1c19df015587d01b7db6d3389d9c6bf75dd653b2a0edcdca3acb31a69ffed66e1445515436a98fbeeab262eba14153d6fa2d8988bb0293b9b6fe66c99832b2751583a7ac75961e4ae5a7eda1595fb5ec6b76b6d58aad87cd55484cdd31b8fbbcd2af3b2ab7fc6c53a6b40ca536dab3d96aca332d737d17f1968c2923ebab5079d7c1357fc5fa6973178f9df0438f6fa77dbf687718d5b2987639d5d27838e2b332dab4f6bfdb32238cc645bbbb547df2c1aad3bf5f34bdcca32ecf84394bfb5fb55a7c84f63ffecfbdb3f4b93ee368256b7cf4b32e32a1f5d7e7fa1d569bf5793eb35d5b91df3e9616b36cb32c0f435d7be8ebf2577e8faab96aa3f1c17c3df569d94d7396366db4eb651cfc90b6cae8ec7968aea2e56746376367fd1c07eb68e6b4bf46ffcbaafd950d70391a3d3d2de78677df6de39b074d9bf6dd595596a3a12de87b86f81bcabb6acb98a16e8fb92366a36d963e6ddd6cdf9ece236fce0a7d106bf93db554bbb947da687e0e8b675947bbffd5053d277d1731cf0755da9e7ab6d0da4da62d9b1dcad69ad381c60f746c7d9e4da3dde7343056618eaccdd51bd37c9a82743376d07676a9b9d641022e6b7bf9f87653e5ff35ee5d85755d7a395bfceebbb55be0e390c682b64d0ae560fa6dd4a74338507eb6c753fe8f8cf3390aaf516d8fd918ce29e4efcdcadf98c1fa53144551d9a7aa7ddd75cdaee3dfcedde6b7241faa5bb1fec85c5b7fb3644c1939cd55e859547e9aa53fb475f35bd655484cdd3db2dfe20f8a2dfaa0b8d4e20f8bc9b45932a0da62cf36b7ab58c1d6b2d85c447e6a13c5f505654c19595f85cabb0eae59cbb68e9fb7b154c5aacfbe98e3db599bc6ff9c1c467d5bf721b92ed63d5ab79bd6d83b87ebc9b2df268f6f555cb5bb8a7fa9facb2c25472bdbe29e455437bd8c717c1a67957dd4d3fdd1e2391e35e7da863517f474d6b7caba9df97bcb525fe6f74efb966dbdd687a1acddb92edb802194f3a8cac15487572fd912c75609b38ff3e007d92a3fcf9494b90aef0e1a87cb791cacfbe89db61c64b3d1df313436e0a184bade71029e1bfe36ccd6c7b6b3f61df4dd18cf41f3391ffcac5a5b24477eed069a504fb42aebf67837a35bc2939e91ad1b293b382bf06607eda98ebcdfcec107316779ca796ae9e53d44d6bd93d1ccc16537ad2f643fbb6c29e359163ee7ad94cf2272d86d1ba91d3775c2981cab487b6bd5f12f1bcaf83ec7d6e7d9743ce3d65518fb18f4ddc0df4bc04fb7c067bb947541c7b92d2d69bc7c3cddec2f01bdf49db5ee883e617dca7cd7aecab9efb66eb61d34e7a6b9a0be499e69fb9e5a7b7aa7031ce1100f94737bf43237c332a6dfe728d4466d1cc7e9e477edd253f173e8d45b8adee2774c677fdf37378aa2282a5b54f5afbb6d483e3dfee7bd7eab71c721920f0395ccb5f5374bc69491d35c850ca262a88534dabaf92deb2a24a6268f1bb6bc56b9e5b5ca1b25d3fac3721d3ffcd0dc66999646478beaa9ea63fd6179195346d657a1f2ae83eb87a5fba446ccdcf0b7071f7ea7ec7bdf2fd8a1b750315d6d8a3ff4d12c7b63642b135661abd19f3fe42a5ecfd6e8acccdfb0a57d72bafe516eb4add1a85bb03d54d44a3d9b419ff16c533178ea66c22685f23e93055ed4f1718a52144551feaa4683c42d07cefdb8f250644bc69491d35c45b32ec3cd206a9634dabaf92deb2a24a61efc69dc9aaf3e8a5055d327644c19595f85cabb0eaea4e507f5ea3464f25ffff6b7ba5f3799b8749fd9485199565f1770b91efba2a7a33d06aa5f2ed73f2a7c676ba4b271f18c67db8ae1f799b08a5394a2282a7eabe637ddb71dbe306dddb1c8968c292367da2a24a61e9d336543b3cf3634fd6c63b3cf3636d5265435aba3b56bb3ea6c54d3f2b38e3c54d332e12973297342c69491f555a8bcebe0b286f28fbe68fecaab39baf61d9ab4e280b59da2a256f32a3ce6f9849ee6cdfaf6b93152fdb56bcdef6d8d54362e9ef16c5659e27d26ace214a5288a8adffabce5c0b92bb66d3f7231b22563cac899b68a92ff7e75f680812797cc8f6cc99832b2be0a95771d5c93571da6288aa2288aa2288aa262bf46cedcf879cb011f37ec11d9923165e44c5bc5c0a153defec74b05fef858644bc69491f555a8bcebe09ab2e60845511445511445511445659b5279d7c1356ded518aa2288aa2288aa2288aca36a5f2ae836bc6fae314455114455114455114956d4ae55d07576aaa9ba2288aa2288aa2288aa2b24d05e2ba99924a51144551144551144551d9a352022760d7e5ab37298aa2288aa2288aa2282a7bd4f51b292aef3ab8ce5fba4e51144551144551144551d9a3ae5ebfa9f2ae83ebccf96b14455114455114455114953deacad5c001f8e8c9cb14455114455114455114953deac2a5eb2aef3ab80e1dbfa4d7c80f5c2fb6da603e4ca396757cf1a58e8b83b744aabeabeaf27ab5f932ebdc0dcd5f72bdf79db9f689ef45691b3c2b523e98e8981bb8a27758d22e6d9b6dcfe9e256afba22be3dd67d8ceafe863178f4ce84e027a45919db805b71da84f70ee053c6cbd0de4e51144551144551b7a0ce5f0c1c8037ed3ca5d5ac36cf956f53fff90ffbea0fd32ce9ff7c9ba9b6c628d5a00f5de5bfb737aa5a55ff79579941c6c3686d95b696e71aadd21ff62def0abc3d315672e87c0e88efe18a54590f7b669e18412aaa9b11ec84342a468e43e8251b1cd63b804f45e7bca2288aa2288aa2a874d5b1939755de7590007c5a4a425d9941a7a7367a597eea2d9b66b57deef90fcb3cef72b9e49ad8f350bfe3653e5473250d8e35fab71dd4e8654f50d44690d1f46999f0f4d333a4317ee8a5e50dcf2a2ca5c6f46c83b6cddadabfacae6fcff36da75a566ad93ccbee84559e5d93318d96b165021d04bdd1d36039503edba30e82b497ffb08cde642e2b7bead3a2e50a5d3a0f9d36c2cbf567190fcd1db1adc8bb23e11f1c297358db7490b5f8ae31f093253b3e563f08da113007778eec73308de3e67be455e78c1f55c709a9fd9b88da6b6df0e71a4db46e405a5bab96d2794f0fdf8d0f7cda6478773c657b079087ded1f4fd350fbeb6467552a9cdf33c59fa828ea34d51144551144551995dc102f0e65da737efd2125d3f9998d3f67f728dabb578a65d2f3798e399d63aa8e9a98d5f964b5bcb5cdf65bd23ac6af0bca783d6d3d3c132487835d8c80f421fdc1c539b709519ec58bb3961ddbcf4ad5d4a364076d9db62dd357d4c69f16c86df03a56f98ed20f8b4185ba8b6f9743f4923329a77bd469ff04b6d86675a86fd5fe3557e56a46d4c7a0f8e94b6b885fd29f0b716dbb4eae978b2ac13d2c7fad33e728083e9ed6ccccaf851759e90c6b1959f6a703f1b10786b9d9ba42fe5d3d33c20692d9b9ef25daf3ea14633ce6d7396f3a5ad4dd8fa646463288aa2288aa2282a4375ec54e000bc75cfd9194d5efe5f9335322135a082abec106d62ebbc76ff7bbedd0c4fa3cfb4bd65cd37cfbffccd3c6fcb800ac6c30ae3b49e432abbf409ebe061956504bdfc6cb0be76eb76cab4ca283e9ba72f155ed937c0becbd2a836c9b916bdc57910bc3d8dd1a48f851a4d7fe0bbfb61d6b8b2aeca03ac137e5794ee8323655ddc9c0ebe16db1ae5a1eae87b606d13facf6023fb796ab469d5d798a53f4af751b53c9b9692554b1eb6ac549f0e716bf5d9e6b07a1fcb8a029e36ce65c32f7fef00daeef8acd1b1ea80ef1bfaf6e847db3397a2288aa2288aa232b38e9fbea2f2ae836bfbde71e5d405abe1857633f79edd2e17b2fa846ddadeb2a6e10b2f379c676919aa5db50face02a37d4d3d3f3505fcadb18565946d06b66d397ffd7748d3eadc6d4d76edd0657e5815a07d93bdfcd4b47d99795313d835bdad52639d7a2b7380f82b7a771001dbba94a7a7a9e96f41c3a4fe96b942d54e33b57e4dcecb0cabab8391d7c2dd6e9204f966d42ff196c647f67a36d707391741f55e70648a9018d55583720cdad35dbcd4dd2fb58960d78da3897d55bc2a800ef009eb57b5f6bde55ab23e9e76518e868531445511445515426d689200178875cb3561cbf23f99c516b1bbdf072a3f9e776cc6ff7bc5cefaac6f17239ab35cab4f49776ef5c67fff1e55ea82c35485f56da5dfab46590b0cabe85b631e5cadb58bbb90de622da15b97377c22dd947d7f34dd7ea0f075574a9c1b5cdd0f748eba06d46a003a5f5f43d08deedb11c40dfd1b4c86aecb8acd4dc80b04b5b973c23c686395664d99874957571733af85aacd3419e2cdb84f933e0c89683a9b738068fc05135c7f496b12532cbbac1fa445a5beb6793f43edab2699c3651d81de3187a562a678efd85ac4d181b637b193a8eb665588aa2288aa2288acaa43a79e6aacabb0eae462f5419b4effc4e6b0dab2257b13b17b47ffe85f6b3cc4679a86e0f79fa7be77a2e9717585bceeb11512db8effcac66ea7b71ca0f532de1956c8f853e8831a65ca07b5ad4dac7979736734254aca2fd56a6b783efc86194965e1473d7b431ab94d7dbad8d9e06db81b21f04eff6180750a6cd3d3546d38ea42ee31b6f1dc1b6a20c1e1cebe2d6e9206bf15963e027cb36613e0c38b27930039f09193faaf613d27378ad4f99366d6e40285bebd824a34f28a74dc67647c609f00ea0afddd82f29b522ed9c57abb6bf0cfd1d6d8aa2288aa2288acae43a79367000deb5ff0295ce5ad8e1f9173accb135525436a9758d5f78b5f1425b2345511445511445c57a9d3a7b4de55d07d79e0317a874d6222d00cfb335525436a8119ebbd6957eb0b75314455114455154ccd7e9738103f0de8317298aa2288aa2288aa2282a7b54b000bceff0258aa2288aa2288aa2288aca1e75f6fc7595771d24005fa6288aa2288aa2288aa2a8ec51c102f0d4d9ab288aa2288aa2288aa2282adb94cabb0e2ef55f0000000000b235023000000000202e108001000000007181000c00000000880b046000000000405c2000e356dab871a39ac2adc3b390edf114030000e808c0b895b82e8f053c0bd91e4f310000804e05e03e7dfabff852ce175ecc61ad32652bcaac2953a6eddd9bac778b4fa5dfad603b3266c92cd529bdce9d3b376bf69c468d9bbd59e29d5773bc2e2513f2501a6596ea1421a9a9a9fbf71ff8fc8baf5ecf5360d8f091bb77ef31ebe8d163aa53c85252520e1d3af4fdf7df6fd9b24535852fd6aecbaf5fbf7ef4e8d1468d9a942af56e42c2473367ce9216d953353b9b0afd59b87af5ea9123479293f7c94f9956ad119275078f2c799dca16a6832ca8867008e529f6fb7f015b4907e9a616b8d5b66ddbd6bb779f9e3d7b8555b2c8f6eddbd510000020fea8005cbf7e23db858e941e80fb0f182413319881c78dffa1468d4faad7a825a59a3ce6cd5f202ddbb7efb870e1824cd46fd0e8dcb9f36a5ebad80e8bad54a7f049ac92945bb66c25db8066952bf79e748860fa3a7cf848fe02456c6bd1ab78f192aa53082413ae58b1a24993a6458b16cb912357d3a6cd825c79071756009e3b775eedda9fd6aa55db569d3a75be76ed9aea942eebd6adebd0a193ec48850a15df78a3b8ec945eb973e7295bb67c9d3a75dbb66d3f67cedc74efa6e9ecd9b30b162cfcf1c7c93fffbc2452ffc021e7f9d2a5cb264f9ebc60c182d3a74fabd67084f22c5cb97265c2841faa564d285cb8a81c16f929d3d272f9f265d52303b2eee0d13075ead42a55122a57ae1a4a49cf66cd9ab769d356766af2e49fd4100ea13cc57eff2fe02ce9a616b8d5e45569be54c32a59500d01000062d88d1b37962f5f3964c8f0010306cf9b375f2eead48c8c092900cb74c992650e1c38a8770ed18811dfcab2ce5ab56a8dea9131927ecd4d554d1e63c78e979655abd74818d0e7d6ac59fbe4c9536a76f8f4410295ea14a6ab57af2676eff96a8ed76da3d94a3a74efd14b3aabc53246c69183f346b1b75e7a39971c3deb93326dda0cd52928c96cdf7f3ff6fdf73f7cfdf5bce6d564b162c58f1c39a27a8429ac005cb7eee7c58b97a85af5236b9528f176ae5cb9bffeba7eba8fd2a54b97ca94293773e6ac8913275af7cbac162d5a4af64e48a8b665cb56b54cf8ae5fbf3e66ccf7fad6ca98afbdf67ac992a5264e9c74f3e64dd5237c2929293ffd34e59d774acb683266ce9cafc9f11939f2db70ff3920cd67e1c489139f7e5a47dfe6962d5bf5eddb4f7ecab4b4d4aefda9cc55fdd225eb0e1e258d1b3735cfbd344b7644ce22c9cc79f2e46bd4a8891ac2e15605e0cd9bb7c8299a8e5ab56ab51a22b0d6addbd88e4688250baa21000040ac3a7efcf827b5ebbef26a6efd0ae4e5575eab58f1831d3b76aad919106a00962afd6e85ddbbf7e8fd43618e63abd2ef964fdf7d2a9bea356a9963aa260f67009692cee9cec0e6207e4b750a87e41689b5b6718294748ee07de003070f2efe79c9c58b17d5e370c8892857b42b57ae5ab060e1942953bff9a651d1a2c52474c925b8ea11a6b002709d3a75bb74e9aa1e187af6ecf9c517f56ad6acd5b469b3f4dd074e4edef7d147d565e2f2e5cb73e6cc9d356bb6ad9293b58f3f74e8d049a63d4b842d3535b54f9fbeb6ab70bdbefd7654ba6f2c8f1d3b4e42af6d40a96edd12c3cad5c19f852b57ae48867cfdf5bc3d7af4b49e36322d2dd22e4932dd7753b3e8e0f2e63b6ad46879ee4229e93969d2a41f7f9c2c13a17cf8b651a3c6b627344849009e366dba94270037564338dcaa00dcb87193b66ddbc98e875275eb7e3e72a41cafd1f2b361c3b4d74200060020bbba74e9d2c7b53eb55d8448952a5d4ef288ea945e6907608991e66f8a9e397356ef1f0adb68d67abbe4bb3278a0faeaeb6fd41041851580a56ad6ac9dbecf425b077196ea148e59b3e7a479efd75ad279f69cb96ae19821116bd0a0c19284172e5c24894bb5baddfbf7ef976cac1ea425f875b99cdffdfb0f90aca257a952a53ffcb0b24c0c1932f4d0a1437a1f09c0cd9ab590482357cf72a97de3c60dbd3d4de6e0eddb779018dfbd7b0f7d2d83070f3107b792003c73e62cf5204c6bd6acc99b379f5c79972c596ac68c19dbb66d9f387162f1e26f4a4ba14245b66ddba6fa85435e8f458abc2123c8c68f1f3f5e92d59c3973de7db7acb448b45bba74a9ea1782e0cfc284093f48ca9223a387eabd7bf74a6e949f322d2dd22e73a58fa76fd8ac83efd8b1430ed4dab56bf7ecd993929212d9c15593218383cb2927c739c492b58c19f3fdc48993e47969d6acb91a2230c9b13973be962f5f81bc79f3a759d2ad62c5f7e475912b57ee180cc0b2494b96847a2a76e9d275dc38399727c84f49ceaa35303d00bffffe8755ab268458d259162100030010e3e6ce9dffd2cbb9e4c2a340c137060f1e3672e4a8378abda55f8ac843d529bd8205e0b74b9631a3af5e617d55926db4b04a0d1154a000bc73d72ec9c0126f6c0158aa7e83902edd827ceb55f00ae53bb1ce9d3b17e8f77e0b162a26656bd4ab5cb94ae9f895d13367ce8e1933ae5b62cf65cb56383380b87cf9f2be7dfbd377136cdfbe7d6fbd55f2f8f113070e1c2856ec4d19471ae5425fbfe8dfb56bb7de2db8e0d7e55dbb76938cf7e9a79f59aa4ea952efe6c9934fdad7ae5d277dfaf4e9fbc10795070f1edab76f3f8982c3878fd0974d93efe075aa57aff1d147d5de7aeb6d892be6e0561909c0127be498142e5c74e74eefc73656ad5a2de945dabb75ebae9ac221fb2bcb4a045ab264896ad2d269b2fe3bcc0d1a340cfdc6729067e1ead5ab121b24b79b7750e7cc992be3cb4ffde1850b17de7efb1de9938e8fa0db06fff8e34f12123e6ad4a849b972e5bb77ef212d111cdc292383877b9376d8b0e1df7d37460270908c6a923eefbe5bf6d2a54bea7108a4f3bbef968948007e2d77febe7d07c85ba8ada451664987e805e0be7dfb6fdab469cb962df2b35dbbb47f4d570fc0870ffbfffd0b795a8f1e3d7afaf419eb0b413acb2204600000625cdbb61de4aa4332f04fc67db5458b16bff2ea6bd2f851b58ff596740b16809d15d6a58fbec8d0612356ad5e136249677d293544508102b0c919806511352f28db5269568e9c796a7d52477ecab41a22b059b3e75897b5965c294ad91acd9205d510a1b976ed5ac24735f56573e6ca3b61c244c9c02b56ac9471f49a3973f6e75f7cf56a8ed7e5e7faf5695f1fdb8c1a355aaeec1b376e52afded7f9f3171c3870a034ae59b346bfe81f306090de2db8e0d7e51d3a749474aa1e18faf5ebaf7f165a62ea8a152bb66edd5aa54a42a54aef4b494b289f9cd4051abc56ad4fead7ff4662a4ec8b6af5487700960b71d942392632b2f5a3ec376edcac58f13d69ffecb3ba7eff79220819e7abafeacbb265cb96b7e637b9d6fffcf32fa5fdbdf73e083d410579168e1c3922b9bd65cb5632bd77ef5ec9bd124d657cf929d3fa7de0162d5a4a9f40392408ebe04202f0942953af5fbf3e64c8d06ad56ae88d11195cdf726b6570cb25d7152b567ce2c449b2c12196749645d2118025c56ddebc590ecbca95abe484b79216fdcc8960002efe66c953a7fcfcb68834162f5e523a841b809b366d3e70e0a0502a21a19abc7ee52de59b6f1ad6adfbb91a22b0200178edda75d5aa559757f13bef94eedbb79ff91a210003009025b4efd059ae3a72bf5e60fffe037acb962d5b25d14863e52ad5f496748b7a009e3b77be04d11049677d29354450d600acdf3bb555818245cd0e7a4529004bfabd7cf9b2fc94693544600d1b35b52e6bad5ab5ea7cf2c967b646b31a356ea686088d2d69172e52fcc0818379f216b4369a55a87071b558682468e91f26344bb29c1c840b172e942b572129e9c78f3fae154aa84b5f00feecb3cf250176eb9658a85091fefd070c1d3a6cddbaf532ab6ddb76190fc032f8952b57f484b363c70e3523030158c289847339445f7c514f35197af5ea952f5f815ebd7aa7e3d7802530c8b29d3b77518f0db2e5b22e09c6a17f6420c8b3909cbc2f77ee3c122164ba76ed4fcda75b2f69917699fbda6baf4b4fcf1261b00e2e2400bff9e65b254abc2df16fc182857a6344068ff896db326a28d2cca826dbe0fa2fc4ce9831d3fac967b3f4fbab110cc05279f315b6bd974a49a33e37dc003c78f09071e3c6b76cd94a36b566cd8fd7af5faf7f7b7cf0aa5a35410d11983300cbfbcfa14387b66fdf2e27923954ce9caf0d18a0fdf39c2000030090251c3972b47bf75ed3a6cfd42f92e5e2bc49d316faa548e72ede5fbd4c9fa807e0f4951a22286b000eb162e10ef09b25deb12e1b7ac9826a88d08c1a35c636c2952b5703df01dea0160bcdf6ed3bf4af5f2a50a090c4b077de29256163f9f215324b82e2b265cb3ffffc4bfdbba3824b4700966bd9d2a5cbf4ecd93331b1fb1b6f142f5cb8a85c55ebbfc999f1006c0edea953e7fcf90b7ef34d4335236301f8bdf7fc07e09b376feedebd3bf4df5bb6926577eddaedfc5786c68d9bc8ba3c0138d4df780ff22c847807b850a122870f1ff62c1106e71de08913274d9c38b14c99b2fac822228307b9039cbec13333004b3e5fb16245a6dd014eb3c2fabf809c8d6ddab44b4cec51b7eee7a3477f57a9d2fb932625c99b869c42c12b21e123354460b600bc68d1a292254b498b3e7ed9b2e56ad6ac55ad5a0dc9db527a1f02300000598ee7d65433fd3a245ffe2219ff226802b01fb6a5c22a35446041befe6ad8f09152b646b32460ab2142e30cc0720dade619d2fd3bc03d7bf692eb48a97af5bedab3674ffffe0364ba5dbbf6a9a9a98b162deedab5dbf0e12324c9a8de81a523006fdfbefdd34feb48e89592e05daad4bbc3860d5fb366adccca7800b60e5eacd89b1f7f5ccbbc371b8d001c0d910dc05743fb1de02a5512e4bd496f099d6d70fd23d0376edc68dab4d9e79f7f212d111cdc2923836766005ebe7c854447d99db973e7cdf1252dfabf9e4430001728f8c6b2e52b6cdffe20258d324b3a84f57f81cd9b375b3f071e7a49b6574304660dc0721cac777d6bd5aadd43fbb6bc21e3c74f90f72509c02b56ac4849492100030090b5c8a578fb0e9d5f7c29a75c84bcf26aee49493fa6e383933604603f6c4b85556a88c0820460fd42d3d66856b801382969b275f1d772e7573332ecfcf9f372b5ad5f684a8c94fcbc7af51ab9c42c56acf89933674e9f3efdd147d5b76fdfd1a0c13769dedb0c31006fd8b071f0e0a1d65ab66cb9b40f1a34b860c142b2ba3163be9787e90bc081066fd9b2b5c4e0380fc0c2f65dca7bfd7d0bf40f3fa4fd8f1d7e59075fbb76ddb163dad7ec9d3b776edebcf9729a457070d564c8e096676600962d6cd3a6ad9c7bb60f3feb15f18f40473600ebe445b478f1cf9d3b7709b142f9b733610660d97dfddf65ccead8b193d4881123870d1b9194f463f9f21573e67c4d5ec2070e1c90b904600000b20af97f77fe0245f42c337dc64cd59a3104603fccfe95ab54935d4eb3a49bb9881a22b0201f81d62f346d8d6685fb1168db50b53f4dfb4b6542b478f162490efa85669122459b34695aaad4bbfac31933664807c960ab56ad969874f2e4497d9140420cc053a74ed5efca9a357af477d22e01b874e932df7e3b4affc2aaf405e04083673c001f3d7a5482dcd4a9d3f44f667ef86165b94c9f3f7f413abed03b4d1217172e5c24e357ab565dd655a2c4db3ffd3465eedc797effa4934df067e1f2e5cbf254ea7f4df7c2850baad57307555aa45dd695ee3dcaa283676600be7af5dad9b3676fdcb8b17dfbf6ad5bb7594b5af4af558b60004eb3a49b5a2064f2b650b06061fd2d22cd92f71679d6d49241e90178dbb6edd25fff8d8c62c5deac5a35a15cb90ae5ca956fdab4799326cda4e4eda86041ed43d1b972e59e3871924c10800100c82ae48247ffeeab2fbfac9ff17bbf3a02b01f66ff59a17df1b2f5eba654536041be042b78000ef74bb044ddcfebe9cbca79b374e932d59a3172c1ddaa55eb7af5beaa55eb13b95495eb4efdd253bfbed4bfbb75d6acd9bd7bf7e9d7affff4e95a1e0e22c400bc71e326c9bad6921829ed3251a040a1aa553f1a33668c3c4c5f000e34780603b02cd8b46933fdc8584b0ed7e0c14354a7c819356ab4f94458ab41836ff48c14449ae9e8c489139231e4e97efbed775ab468d9b76f3ff929d3d22219527eb66ad5261d1fa4d765c5c13333006fd8b071ead4a967ce9c1933e6fbd1a3bfb396b4e8c13eb201d8fc12ac3cfebe332facff0bc8b937695292fee7be4229fd1cae55abb65a3e283d00b76fdf415fb64e9dba926f870d1b2e6f3e5dbb76cb9b377fa142850b152a923bb7fad73aa9c68d9bca4f0230000059c5be7dfbf52f36eed4a9ab6aca3002b01f667f3d00d76fd028484987b002b0b5b3ad8207e010d3b855f71ebdf465e54236c43fcc9ba653a74e49663871e2e4b163c73efbec7333747df1453db9229750b17ffffe8b172f2624545bb97255d3a6cdd56201841880a74d9b2ed7c4d6d233a484556b464d5f000e3478c6ef00cf9933374f9e7cfaf131ab489137b66cd9a27a44ceae5dbb8a15d3fe02b0b572e7ce3375ea34d523b050d291a4c409137ea85a35a170e1a2921b255754a992f0c30f13cf9e3d2be783acab79f316e61f9b0957961b3c3303b0a4dc264d9a2e5cb8a868d162458a14b596b4e89f7d886000b6fe19a403070ee86f20d60aebff022b56ac905765bf7efdd3ac5ebd7aeb27add4279f847107583aeb4bc9201286e53d61ca94a93366cc74bef4a4f4b44c000600200b99376f41fffe834e9c38a11e671801d88fd2ef56d0fbeb99d35cdc6f490733d3ca829e01823977ee5cd9b295ccc5ad3547fb929b79b646bdca95ab14d6673525b62d58b04872af3942edda758f1d3bae6667c04f3f4d79e38de2c9c9c97bf7eeb57e9bebf8f1132469480cfef6db51d2ed9b6f1a6dd8b0f1a38faa07dfec1003b00c3560c0406b2d58a0ee00cb75ffd8b1e3f4aa56ad7a28014397e6e0190fc0376edcd0afd1ada51f9f6818376e9c6d5d4d9b364bf3d7b04528e9482741f1f0e123c9c9fb0e1f3e6c7e7794a4af66cd9acbeadab46997ee982ab2d0e0729abdfdf63b9b376fd91d32e92c8ba423009f3f7ffec89123292929478f1e3d72c4a784de278201f8b5dcf9fbf61d3076ec78a94e9dbb996f206685f57f01c9a212d1ebd5fbba6ad58fa4ba754becdbb79f3efdd9679f4f9a94a44fd7aaf589fedbb952050b169a3b779e5a3e28fdc53570e0207dc184846af2226dd3a66dab56ad3b75eaecfc4044c18285972e5d261304600000e21901386db6416ca53a8543027390afc27296749e6d7ce96e9a24b06dd9b2f593da75f56f4bb396e4e14183879e397356750d934429b9e6ae51e3e3bc79f37bbef2ea4d99302f2ef3e4c957b7ee1772d1f9e18795f7eddb3769d2a421438676efde63debcf96a797f420cc053a74e95096bc9e0d22e0158b6a14c997265ca94952a5fbee29c900f549a8347e44bb02499c8869947e9d34feba4f981e48ca857ef2b735defbc53faecd990fed124f4001c88a4c7d6addbca4a254f9ac92d526270f0e6cd5be80739dc9205d51081d9027028a473043f021dbcd21180cb95ab20af53a9faf51bc871d6a74b962c3574e8307dfa8d378aefd9b3578e8fbc9643ff7c841e802539f7eedda74489b78b1479e38d378a952f5fa174e97765da5af27ef5e1875556ac58c1b740030090e59c387972fbf61dce3f67936e510cc02fbff29a6df1104b16544304957503b04420f3c3c9a194740e31359d3e7dba4b97c4d7f314b08d60ad72e5de9b33679ef37b71d3f4e38f938b1429eaf7174d6d55b0606189be5f7e596fe9d2a56ddab455cbfb1362000ec4f611e8b0a439784402b058b66c995ce2cb61295ebcc49e3d7b546b74ecdfbfffadb74acabaf2e4c9b760c142d59a968c0760214952bf9b2ac72dacbba9a188b5c1e5791c3f7ec2b871e3c32a592494134072acbc82dab7ef60fb6ee420259d6591180cc073e6cc910c3c6bd6ec691e0b172e5abc78b13e3d73e64c49a4faf4f4e933d6af5f5fa54a829cc06ac910e8015832adbc484f9c38b92fb003070e5ebd7a4d162100030090b548ba2957febd575ecd3de6fb71aa29c3a21880a74d9bd17fc0a074942ca88608aa468d4f6c9b9766c9226ae170d806b195ea1426b9ce96589be67d60e920dd42bfe2f7fb914567e5cc9577e7ae5d6a999075e9d255ae1d43ace6cd5b7cfef917dbb76fffe4934fcf9e0d78cf39f87579a74e9dcb94293774e8b0402509b656ad4fd21780d31cbc4a95aa5272e97ce8d021f9f9c5175fae5cb9522d1c8e9494945ebd7ae7ce9de7c71f7f544dd12459e2f5d7f376e9d22df47fe388480016972e5d920c992b57ee56ad221f53b3eee0e16ad1a2a5edd51462c9826a08875b15806fdcb8212fff3367d22e11eeb791e90158de64e47f8d2192ceb20801180080ac62fffe03fa1f62ecdc2551356558140370b48d1bff8304daea356a8558d25916510b87c376106ca53a854f72d1ec3973cb957bcf36a059e5ca55920e617d62f6a36a1fdb060954b36685fd955a9e3bc06f14285028cd2a5cb8a8741e356a74edda9f56aaf4debe7dfbd4100ec1afcbd7ae5d5bb366ad6ad56a04aaead56ba4efefb88a500697ed4f48a826f5d147d57bf6ec9dee8f5e5cbc7871f0e021e9b8eb9e0e72c20c1d3a34f43f022c22158085a447c9906fbc51fcc89123aa2972b2eee061d9ba756baf5ebdd351b2a01ac2e15605e0a86ad346fbec7a3a2af8c7520000404c99376fbef6255869fd75d5d0a900dca74f7fe7af8cda4a3a4837bd7f5c31bf13cb59a17ceb5570e7ce9d9b357b4ea3c6cdde2cf14e8e9c79a464421e4a633afe4269c142c56c5b18a8060ed4bee8382c9edf013e723004870f6bdfd973f2e4c9b973e7e9dfdfa3867048f3ba5c9695dc184858ff3ae094e6e0a9a9a9faf48d1b19cdaee9bb4d9d3ee1ae2b820158489294273d4afb9b7507bfb542798ab3dcff0556ae5cd9b87193468d1a8755b248fa3eca010000b2071580815b22b2d10be9c3b390edf114030000e808c0b895b82e8f053c0bd91e4f310000808e008c5b89ebf258c0b390edf114030000e808c00000000080b840000600000000c405023000000000202e1080010000000071c1b51800000000806c44e55d07ee000300000000e202011800000000101708c00000000080b840000600000000c405023000000000202e108033c9c68d1bd514b2299e6200000020c6b92aa457ddba75a74c99a286415a4847d91e4f3100000010e35cdfa657efdebd3ff8e083c99327ab91d272f5ead523478e2427ef939f32ad5a63d28d1b37640b75376fde9416f9a91e5be8b3525252d4e3ab57af5fbfee19c08f50d2519f3efd5f7c29e7bb652ac874df7e035e78318759f2501a659674906e9eee8896d4d4d493274f6edebc65cb96ad32a15ad3125301587661fbf61d5f7d555f4a26e4a19a01000000c431d7ecd9b3671ae6cc99336fde3cf9a91e5b3867cd9d3b5732709d3a75d448815db97265c2841faa564d285cb868eedc79e4a74c4bcbe5cb97558f183362c4c8ca95abeaa5ff0d65f969b6983573e62c99b575eb56b3a55bb744cf007e84928eead76f2459374fde82df8efaae52a50fad01581e4aa3cc9269e9a61640145cbd7ab54f9fbe6fbd5532478e5c3973be261383060d967358cd0e2c7602f0e9d3a77bf5ea5da850915cb9724bc9843c9446351b0000008857aece9dbb942f5f51afefbefb6ef3e6cdf2d36c316bc890a1326bca9429664bd3a6cda4a54205ed766510274e9cf8f4d33aafbdf67ac992a55ab66cd5b76f3ff929d3d252bbf6a73257f58b25724c24fc942b57be62c5f7162c58282df253a66d356dda7499b565cb16992e5fbe82248d2fbface719c08fd003709a45008e9eebd7afb768d1529e7d6b490c6ed3a6ed8d1b3754a7006221005fbb76edc71f7f2c55ea5d797d25247cb47cf90aa9aa5513e4a1344e9e3c593aa8ae00000040fc71498e954bfc52a54abffb6ed9b163c7edd9b3477ecab4ad468c1829b366cf9e2dd3a54bbf2b61af56ad4ff6eedd1b3c005fb97245d2efebafe7edd1a3e7c58b1755abdb2dd3d222ed928123751ff8c891231d3b766ad4a871f0eadf5ffb2c71707a000eeb8e99ec5189126f67dd009c9292326952d2dab5ebd4e378b560c102c98a66f4354b32f0d2a54b55a700823cc572d6d9cec3102b94d35527cfe0ead5ab6bd5aa2d9bface3ba5c68f9f70d5f845832b57aecac392254bc98e4807e9269df559000000405c71e9f7bb366fde7c30643b76ec2856eccd4f3ea92dd3c103f084093f489c90acabffbaac95b448bbcc953eaa29039293f7bdf7de07665c0952120fd43281c55b004e4d4d9567216fdefcb20be166604959ab56ad5ebcf8e7106bf5ea35417e53fa966bd5aab5f56cb156fbf61d54a700823cc572d6d9460bb142395dc5f1e327dab4699b2f5f01794175efdee3d8b1636a86c5912347bb754b940ed24d3acb226a0600000010375cfa15bf645ab9680ed1debd7b8b172ff1e9a775643a4800966854b56a42c992a5acf77ead2e5cb8f0f6dbef481ff35655fa6cd9b2f5cd37dfb2c686e0a5160becdcb973478e1c09eb2e996448391a413273cc0660d9cdb163c7e9b73d256eb56ddbcef9af1541cc9933d77a6c43a9f9f3e7ab85c371e2c489c58b17f7ef3fa071e32675eb7e2e2513f2501a23f2417a391b972f5f51b1e27bb6ad352bc8bf6ee8823cc5fa0879f3e62f53a6ac7ea88354eedc79ca942997274f3efda11a22b0e1c347e8bf5d5fafded7bb77ef56ad016cdfbee3f3cfbf946d90456441d50a000000c407577272f2d6ad5b25429c0ad9c99327b76fdfbe67cf1e990e12802543ca4576cb96add4637f5ab468297d0e1f3ea21e874f42cb5b6fbd6d8607a94a95de9b33674ef9f215cd9666cd5afcf8e3e4bc79434d14d1107a00ce97bfc8b4e93356ad5e632b69cc97bf706403b0a4dff1e3c79b59ab51a32681feb522907404607976d4c2a19193b37bf71e254a04fc370e99251dd21d83535353a74e9df6de7b1f04bf4fdbae5d7bb540006906e04e9d3a5fbe7c79dab4e9efbe5bd61cd65672f6ce9b37ffead5abfaef2648a92102933ef2229a3d7b4e9abfa5acbb7efdba6c4381028542191c000000c84e5c67332648004e4ede973b779ebe7dfba9c7fec8dcd75e7b5d7aaac7e190dc3277eebc42858ae839c1ac8f3fae2597f8fbf6ed2b5fbe82449ae6cd5bca4389ebfa15bf945a3e638e1f3f7ef4e8d1d06f96861e808b147d73fbf61da71da45166453000cb011c33e67b3dfdca816ad0a0613a6ec5473b006fdbb6ad74e932b611fc967493ce6ab190c92eeb1f0cb68d66ab5cb9722f5bb65c2d13409a01b854a9d28b172f96b3f1dcb973c3878f2856ec4d737ca9b7de7a7becd871172f5e940e8b162dd27f65574a0d1198f491edffe28b7a3b76ec4cf3630bd261ebd6ad75ead4d57759b502000000f1c1753e63327e075812ece1c387d5e39049f29c3429296fdefc7a48b055ab56ad2f5fbe2c195802f6952b5724fd5a6f08ab213266e4c86ff3e52bf0f9e75f4e9d3a3594eff10a3d00a7591109c01284c68d1b2fb94e0e88a4dfa64d9b5dbc7849cd0b475403b0a441eb13976649e7b0ee60cb599498d83df88d5f29e9d0ae5dfb34ffb123cd002c25075cce99cd9bb7a4a6a61e3e7ca463c7ce050b162a52a4688f1e3d4f9e3c298d324b3ae8cf8b5e6a88c0cc9ef9f317ecdab55b903be1c78f1fefdcb98b9cb7e6226a06000000101fc208c00b172edabc79f3d9b367d5638f8cff0e70952a09a1fc91551bc99f81d2af94e407c9c0fa5f7c911c5eb66c79eb5c7d840cfaeebb31fa68152bbe77ccdf770ed9c4540096a025e9d7fc4c78c3868d2e5d4ae77771473500af58b12277ee3cb6c58394749645d4c22158bc78719af77e0b162c3c74e8b00cfe1b876dcc02050a75e8d051126f4a4a8afedb04f28c48709546f3730a66a92102b3f52f55eadd1f7e98688beb376edc183f7e42a952a56d9dd56c000000203e841180ab57af59a850d15ab56a7ffffdd843870ee98d4102b008e55ba0e5625d358563c48891d10bc003060c7ce79dd2e7ce9d538ffd193f5e02647ee9b664c912d51454e801f88d626f1d3f7e5c355948a3ccca780096d025e9dd7aef37235f4216d500bc6eddfad75fcf6b5b3c48496759442d9c16393d2a54a8641bc156d221f86960157a00d6ab50a122c3878f38e32113ce0ff3eba58608ccd65faf0f3facb27cf90a79950999f8f0c3cab60e7aa92100000080f8e0eadebdc7db6fbfb377efde9369a955eb13f3bab976ed3a122c837f0996b87cf972edda9fea7f07f8c2850baad573ef575aa4bd4489b7430f185672593f71e2a4103f022d7b17d647a043f93348dbb76f9f3163c6ce9d3be5b0c87150ad81851e80f3e42d3866ccd859b3e7d84a1a65560603b0a4df3163be375365b366cd2f5d4acf279f4d510dc092516bd6ac655b3c484967fd5f3d42b174e9b2346fff262454bb1ef21f6d0a3700eb55a1424529f3618b162ddbb469dba64d3bf339524304662e6bab3c79f23569d254cafc92b3740c0e0000006427aed6addbc875f0eeddbbb5ef770eaa6edd2ff48be68f3ffe64dbb66d7a63f0002c4e9c382119589286c46cb9fe96442a3f655a5a24fdcacf56adda84f2f952a7d4d4d4d9b367172c5858df2ab36c5f82d5ac598b70bf044b0fc012153a75eabc71e32669d9b265ab34da4affb4edf8f113ead4a99be64dd4d003709a95ee002c476cf4e8eff4f02347a651a3c619b9f7ab8bf697601d3d7ab466cd8fadbf13ebb7a4837493ce6ab110f4eeddc73688b3e4e454bd4390be006cabae5dbb495e6dd5aab57962ab210233974db3d23138000000909db824e6c97570b366cd25092f5dbaeccc9933cb97aff0dc26f2a9b973e73668f08d64c8cf3fffa256ad4f246984188085e4db09137ea85a35a170e1a292780b152a52a54ac20f3f4c3c7bf6ac040c597bf3e62dd29dc4962c5952bc7809fd6a5e2ffdcf2059efaa356dda3cac3f83d4bd7b0fd953bd66cc98292d32a0d962d6f7df8f9559d7ae5d93433772e4b7724c66ce9ce519c08fd003f04b2fcb2e7c58bd462da932652b5aa3af5ee90bc0376fde1c33e67bf393cf72cc3378ef5717ed002cae5cb99294f463952a55cd67d05ad228a7967408f737c91b3468681bca5672aece9d3b4ff50e41440270a74e9de5a73c3bd108c0e9181c000000c84e5c724d9c3f7f41bd264d4a3a77eedc4f3ffd64b698357cf8884993262d5ab448526ba3468dbb754b3c76ecd8c993274309c03a89b8870f1f494ede77f8f06133ab480693ec2d17e26ddab44b770696e061fb8b32c14b2d1698ece341839e1225c31f72303fd42dfd259ebdfb6ed9ca95abea2d4ea107e0b74bbe7be182fadab053a74e59a3af5ee90bc013274e343f0adbb871d3f4dd75779267b367cf5eb67be3414a3aa7e34bbf859c33bb77ef9e3973d6902143bb77ef212513f2501ac38dbebaafbfae6f9e127eab42854a611da58c04e0c68d9b74e9d2555e8cf5eb3790871f7ffc89feb06bd76e6a88c0ace3f8ad8c0c0e00000064272e09723b0cc78f1f975077e2c4899d0e478f1e9559bafdfbf7bff7de07d3a74f3f7dfa74e8013810c9bdad5babbbd0e9be27b96bd7ee10ff5e4ece9cafa96522242525459298feb9e2f7dfff50b53a841e805f79f5b5afbefea67d87ce52b56bd7b5465fbdd21780f7eedd5bb66cf95cb972376fde22f45f94cdc67af5ea6d3d316c95274fbe65cb96a9aea109f214cb59671bdf566ddbb6f3fb7dd79d3b77514304665bc4598106970cac8600000000e2834b85da30ad59b3a65fbffe67cf9ecd7800169281f5fbc02d5bb64ef77de003070eb46fdfa151a3c6c1ab7fff016a810891003c67cedc7af5bece9b377fc58aefa95687d003709a95be002cf6ecd99398d823dd7ff1289b59bb769df95d50b692b83874e830796655d7d004798ae5acb39d87b69a30e187a64d9b356cd8b852a5f764034a952a2d8df270d6acd96a88c0ac5beeb7ba75ebae0faeff2351c992a51a366c240f870d1bae8600000000e2433a03b038e71191002c2e5dba24e93797e7cf17a53b03df42376fde3c7efcf8d2a54bd563875808c0223535554dc53dc9b7eddb7770de9bcd97afc0f7df8f952754f50b59284f719ac68d1b2fdb209135f467cabaf17e4bf6e88d378a4b75f67cbb5bf3e62d4a972e230f0b152aac8600000000e243ac046021b957d2af5c971f3972443565233112806125a79ce76f3e97d26370f1e2251a376eb279f316353b4c1109c013264c902d494c8c640036ab135f8205000080f8e6ba985e7a0cae53a78e1a2912249048facd9677294349477dfaf47ff1a59cb6b86b2be920ddd4028884d3a74f6fdfbe43eaf8f1e3e17eecd92a220158e2f7b061c3972d5bae1e87c0fa85e7c16be0c0419281070f1e922f5f0179280baa2100000080f8e0d26fe4a6c3debd7b1b376e3c79f2643512828a483a422ce32906000000629cab427a7dfae9a74949496a18a4857494edf1140300000031cea5fe8b28231d657b3cc5000000408c23000300000000e202011800000000101708c00000000080b840000600000000c405d7620000000000b21195771d5cb9bf6c5fa8dc070f3ff6f8bdbffeb52babb9f70f7ffefd13fffd53a1f2b77fd0fcf6ee4b6f1fba3dacfaddb73b6b2f3d3664c7d95de7ae5fb89ea20e49d674e4f28d75a7ae0ede71f693a5c7fef6dd6edb9e521445511445511445c54fa998e4e0aa55abd682050b76eedc79e1c205d596751c397264eddab573e6ccf9a05a8da7f216f95d420bdb6e07a9fbbfdb3566cff9be5bcfe49dbaff9f13f64818b675c85af5e098dd2f2425179a7ea0dfd6333fedbf2031d8d681a2288aa2288aa2a4ee19bec3d6720b8b8d09546c4c064b2546876cf53bc01fd5a8f9f04bb9efe8bdd2b6f3ce927c78eccacdc7c7edb1b5679b92183ce7f0a53f8ecadaa99ea2288aa2288aca7845f0638f19ffd4211b13a8b2ebc64456e8bba61670f009c0376fde3c72e4c8fefdfb2f5dbaa49ab29ad9b367df7ec79d7737186edb7fb3fe3c6ae7a14b37fa6d3d736fb7057ffd664828f59786c3ee18b4c9364eec57e1e907aea5a4169a7ec0d64e511445511445c54f45f6638f19fcd4211b13a8b2f1c644b642df35950f1dbc0158426f8b162d0b172e9a376ffe8f3eaabe67cf1e3523ab993e7dfa43fff8cf1d8e43a097a4dffa2b8fcbc4dfeaf57d25579effbdf1ee73c5ca06a9e70bbdf5ca6b79efeabbda3a4856a962330f6e3a7dd5d648511445511445c549493c88eac71e258484fea9c3746cccaffaaebda7c792102fc5a3ba317f6c38fc4f0d86d91a8354b48f4c5815998d19bce52f0d873f5cabfd3d3d7eb6cfba751564d7543874f006e01f7e989823472eb31a356aac666441d5aa552bd2a88bed1048c9d329c7489f9600fc6c890af272ba73e08620f5bbb693b36e00961ab4fd6c8d9f8fda1a298aa2288aa2a8ec5de6c71e6ded11af503e75988e8db963e0c607ea76ff5fd1522fe52df47c91928fd46cf5abfe6b6d7d9c15a58db93b71f1d3f94a3c95f7cdbb1317d96605a9286d4cfa2a831b734f8f25ff295be3d59cb92527cad3f1df5255cd7aa4666b5be74cae40bba692a18337004f9b36dd1a80dbb469a766644dfff7fbdfff6dd02aeb21b8ffbb5dc7aedc341f4a007ebec09b0fd6e9f240ddc420f558b566593a004b9dba7af3cfa377d91a298aa2288aa2a86c5c9264f48f3da659bf6d3ff51f25137ed56f8dad3df44af35387a16f8c5643b6de3e78cb631f35d5e3965eafe678ed5fe53fd166d93a3b2ac21b23517cd0e6c7cbd579fec51c528f97fd541eda3a04a9886f8cff1ab2f577ad26dd5fbbebff351f7ffbe0808728231bf3ebaef324f7eacfc8cbb9f3bd98ff0db3fe59a18ead73e697df5d53b1d0c11b808f1c3952b060e1d75e7b5d2a67ced7366ddaac660433b5baf6d788aa4f550f332e2303fa2cbb67cf9ee7df28757bff75fafeffeedb9d63f69cb7deca97002c4fde33252a3efdd67b41eab96265b37a007e62dc1ed9f7df8ecc7a5fdd46511445511445a5a3ac1f7b0c52770ed8f0b74fbb3df76a9ee75f7eed5719bbdc0df2a9c3103746ea379d673d51b9c1bfcbd57abc6aa35772bd6ea65fb37edfea07db227e2b221b63d69fbe1ef8fc8b395f783187944cc8435b87e015d98df15b7ffdacfbf32fe5d236efa55c0fd66873fbe02db60e66656463ee18b2f5ef753afdabe2a7f7b59b629b150be5dc354f28f44305e0ab57afd6adfb45f5ea35cf9e3d27d375ead46dd6ac796a6aaa3e37b0d80dc0a252d58f6eafdc52dfffda4b8ff5f57d4625004bfabd63e0466ba3b37edb7146e0009c9c7846adcbe26a6292676ed2c99de674ba2bdd83f82e3870fbd99a01ce758aa2288aa2282a3b95ed638f81ea9e6e0bff51324105a70c076029bf9f3a0c7163a424fdbe50a0b835eebefb6ed90e1d3a76ead4b95bb7c4afbfae9f3b779e473e6e6b5b2a50657063ac757fedae0f57696c963cb47548b322b831cebaabf7caa7f2bea9e773a96773150cfe3bba51dd985b5bb65d53e1cc410bc0376fdeecd3a7efdb6fbfb377ef5ebd75e5ca95850b17ddb46993fe30b08807e08cb06fcc9c3973fe54b882beff43769ccd3b75bf7938a422158077ae4bb636beb6eeaadb7dbe864c472400a7bb7cd75e68da8141dbcf7ae752144551144551d9b19c1f7b74965c00ffb95ebfe772e437539304e0dfb6fde9de2e736d2521f9577d420dc6ce4f1d86b231663d51b98135fd162952b44b97ae52927efbf71f50b7eee7f5eb37f8df1ba5ffdc68c41d81ef709a95c18d896c457563eeeeb9e499dc45cca7f27fafe6b92771a1ad8fb562eac844b66cbba632a1831680a74e9d56a85091254b96e84d223535b541836fead5fbfafaf5ebaac9bf3402f0cec49cda7c8f9c893b55abc69c23cdd6416c03061840efa598edf68dd9be7dfb6f1f7a4cdfff5de7aeff7382cf931aa5007cfbd0c3d3dcee690b622b00ff7bc2de1de7ae79e7a65dda5e7878c2bca724db6bfba54d1bb7becf9c7ccd981b7e19ab483eecf3d0b2468aa2288aa2e2ba169cd72e0de47a432e6cfc5f751c9e16ead588ba7a312e66225701b72d844adfb23e4bd9f7cbf9b147673df26143fdc66f1af552ceffbdf2fad3f9df7eb84ae310bff8d7f6a9c3503646ab21db7ed379d633252a5903f03bef944e4cecdea64dbb8103074906eed8b163fbf61da4fdd59cb91fadd95a16b10fe2a8746e4c742a8a1b3364eba3ef7d653e654fbc5b2bcd3fe01a818d19bce56f5ff5fb57b94ffed0629c7d962ab9b6f7c911da692ad495bfb76a24ab39e6391ca4b37a4fb0be907d5bacbba6b73bb9b66edd5aa448d151a346d93ef0bc63c70e49c53fffec4dc5fe040bc03e2955a73a5a63adc919809ddd3ced7e96762eabb970e1c29df7dcabefff85eb29bff3fd0356da9760157aebaff507dafeeaafadfefe49870c05e075ea2911fab3a23dc796e7527b82f5875a7f2ff5a4ea83a81c6bc44e613d1b7c1754dbe3b3a0f6ef3a720454ff10caccba32a10fa89f9a66a36d221de55d76c1799970ae91a2288aa2a8782fb9b4352f93fc06c540edce0abd67b8959191d3b7ac6329b94e332fc99c1f7b74d6dd898b9e28f3b13503cbf443d55b3e50ab83ad1efaa8c5bf8b57fadfcbaf3d9dbfc46f3a4cb78de32cdba70e43d9983b07ac7fb272fd9773e77bd5937bf3e4c957b060e1fcf90be6cd9bbf458b96b56a7d52b162a5f7defba05ebdaf2a57aeaa67e35772e5f943ab09b6719c958e8dd1eb8e419bfff4f5c0fb6bfbf99b32d6920ed22dc4efc44af7c6582bd0adef3b076e78e0e38e4f96aaf6608d36bfea9bf6776507df985ff55b2321e89f15ea3c53a2d253a5aa3c56add97deda7dedb6dc1ff8a96f67ef755bea2af7a7e495b82d23f2b3abf044bbfb3650460ef19abc5199ff860bec6cdc01ca4b3d6c71370a48f1adcde62dd356d13fc71bdf9e65b8d1a35b976ed9a6a30a4a4a4b46ddbbe6ad584a0bf091c3800ab986adc9e3552abd6d57796758ecf806a861a5c9f61b90bacb336fbd918796ceebf3e6196046079f13c5fa8c4f385df0e522f14281e5600f60445e3c99349e3ed49729d6ad7fe95427fc2a48ce755ebeccdabfab2beed9ef4eb3d3fccb3c13a6d598b6d40df236086706322f0bf9e7ad2a974a861c9a83592cf4ff3e4e14077806558ef6151a7b57d15e66896f35e3d347787a2288aa2a8b82e5b00969f7211e2b906f1b47bae8e847e8da15d62797817393f4deb209746daf592877699e4b95ef230af40b40b279d7191661bcd5c975ca2dafea55edf36cbb066077b8b77939c1be9dd98b437cfba464f1f6b00767eecd17f0ddefa97cffb3c9bab900ac0417e0778f0963f7d33ecd95c059e2af8ceddbd96dbe7fa96ed5387a16ccc839f77d7a3afd4c71fd71a33e6fb5ebd7af7e9d3b771e326c58a15af50a1d2c71f7f22ed9259f43e7a3d96d0c4368eb3d2b1315277272e7abcdca7cfbf98f3e12a8dadedf7745d20656d910ed2edf1b29fde9db8d8daeeb7d2b731d6baabcfca47dffbeace7eea2b7e33524136e677ed7e7ab678f9e70bbd2541e9e5d7f2bd94a7d0cbb9f33d5fb084a4dcffbefb91f9a78f2418cb2c792224093bfe0c92bc58f4179df16a32ce58cf2c3da158e6aa522d7256db5f626667e7388e16ebaea9178d834bb6fbbdf73eb870e1826ab03870e040f1e26f4e9b365d3df623700076ccf14655fb2ceb63efb46ffe75d27bead21980a3f325589667da124d3d0fcde7db68d71a8da7d37e12981d8c67d737d01a1d923d4fb9f930607fd932735a4a7ba34cf64d9e7eca27b5cae9a86fb6f74d76c179c709aa97794e9b67b9b3b4e3a0397375a7773342ff20134551144551d9bd9c01585d60382e88cd09f342c5762de4a7a779b92213aaa78a94ced1bcff5e6f2e6594de595b9def68fe5bf41569d790c646ea975596961037cf7219660dc0d76ea6da3ef618a47edd71e6bf4abc9f4600f6d49fbf1af0c24b391fa8d5c1d66e2b59b56c80f930948d79fa9d0ff54c5ba2c45b7dfbf6fff4d3cfba77efd1b76fbf366ddab66edd469fe5ac273ef8da368eb3d2b1317f6a30eca9bc6f3eeff947016b0096e8fb749e6252d60c2c1db443f7628ea7f395f863c31166bbdf4ac7c6d8eaa16aad645df77fd2d1da28a9d8fa30c40ab431bfe934eb85fc6ffca74cf5a7dffee0e15aed9f2a59f9fe7a7dfe57ecdd476bb47c2577be273ffcca7b0b7ac8b6ff6b3d49a2af6425d5622fdf578ae754f77e5bb06f6927b6918fb493799dded9f26f407a795f86ce17a66ab1ee9a3e869316808b157bf3f0e123aac1979c7c952abd7ffebcf773bcbefc644ec531476f884000366e195bd897d51d3e7cf8de3ffe45dfff23976f3c3866b73ead57d47e07d828ef7b9cfda17af3b24c48c973a6589f697329ed9f217ddf6dada5cd3579fafbaefda131bb0f5fbee1ed2f65db3c3fe57bd67ab6d6382f8df68001d83829652dd6ddf15bde41ec6ba4288aa2282aaecbbcba952b0a3d64aa7068fc0bbbd9e2732de4b93cf376f694f5a14cab8ebe8398e57734fd81f3c2465fdcdcd4c097e6d615c9659531acbaf8512dfa80faba026d9eeae0bd6a52e34b4e1bbee3c2f514db456f1a3578cb031fb77f2677d1e05f7675e7800dff2d54faa982a56cedb6926bcef3d7536433643ac48d79aa54153dd3bef556c9162d5a366fdea243878e127d3ffb4cfbab34fa2c5bbd9ae3b5bf7dd9c7368eb3d2b1317f6c385cd26cb8015832b32467b3dd6fa56363acf59bf6d3f48fac3ff76a5e99d61bef4e5cfc74fe12bf6ff6bdd92dc4f2bb31770edcf0d43b959fa8dce07f45de9123fc58b566cf1729f9e407f59e79fb3d39e64f7e58ff7f454bfda5e170eb3841cb72612faf05750e1bffd0a3faf8947e1acb4ff343a6e689ad2a84579975d73c2f223f5c79f3e6ebdf7f404a4a8a6af075f0e0c15cb972172f5ea272e52a3ffe38f9c68d1b6a8662cf9c5e2aa6eaf7667d1fface32f2ac23c4aa196a70f3913ee1bbb063598f55ab56fdfe9fcfe84764dda9ab2f24f944b55b18803dd37242f83d03e45cd179ce18732979762d6f738efed6918df74acbda5ffe71dfea93578c45a43cffdb58e0783f354b6da14fa31980cd09d92ac7f61b2523241fae91ecdd065b59e2b4e720f85b234551144551715de6d5ad5c27c8458bfe539be52f001bd7c1aabc9d7d1f7aafa9e422ca7710b39ca3e9253d3d57693ed73ffae29645025d9a5b5714300087b2799e961a964f8aaaf13dd3ce8bdeb46bc8362dd705ff6ae521db1e2f5bfb7f2fbf666ff72ddb3567281b23d7e412b72462e5ccf9dae79f7f2119f89b6f1a3669d2549270c992a5ccd02b25b3dab469dba64dbb97deae7457df55b6719c958e8d919254f978b93a617c04badca777775f646df75be9db18bdee1cb0e19f253e94f4abd73fdfaa7ce780f5770cdae4d9ce1c12cb7fdd71a66d91e0e577637ed76ef273c5caded56fcd3f2a7dfe7842e3873f69ff4281e2ff79b7fa439f767ea14031c9447f6d30e8e9921f984ba555de00acce6dbd3dd08bcbe8663d997d1694f2be161cef00468b75d73c2f563f5cdbb7079c27acffeef2faeb7957ac58a166287ae6b4d3d3a99f79be6156c999334088f5eda6d10676b6faaed01b8067ce9cf9e72295f4fd1fbcfd6ca1e907f469bde4c5f652de42ffac58e71f95ea06a9ff94ae16f900ec59d073733f50e4d362ad7aa334dffbaca39925e790f53d517bd3f4d3bfe88c0303b67bbfdbcddc6c39ab3c8bdb3f782c679ec9dc41e96c9c8edaf66bd452fe3fb72ce97767b2d9eeec630ce2790df85d234551144551715de6b5b25cd8c88584fe539ba52e7655bbde415df978aeb2f48b28ebb587f9d01cd3bc6ad2aebb8cab26fdcaca319a76c96449b37e2ecab5451cc1d54f8bcfb09e16fd72df680971f3b47df1b65b3383f3a237323564eb13a56b3ef76a1e7bbb6fd9ae3943d9983b066e7aa4662bb92c7f25571ea93c058a1428525ceab5bc05f516b3ba74ed9e274fbe16ed3afdb57f1abf8aac573a36462fe34bb0d2f87bbf9e2fc11a14e29760a57b63a4fe56275192b61980655a5bf55703cdaf317baa60c9bb7aafb02d15a4fc6ecc439f757df2c3fa77f75afe6cb1b27f683e56e2cf53253ffc73936f7fd57fed7fca54bfbf5eef5f7799f37cc11277f75c662e18b4e4fc34928e7ede7aa6ed2f1ff384374f63678bd9398d1797d662dd35152d1cb43f831444b56a35cc002ce5f87de060015858c3aad9e8612e2879d51a5c6d21d6ff00e6c2d2a4f7f02c605bd65db14ac2ed555ae9fbffc9d263fd7cbfdd5b02f08bf9df78a26aa3c73f6a12a4fe59e9b3280460cfdba8309e5dcf7b9c718a48999dbd4b69eb32fa5ba6b5058d61b5cec2b6a05683b69fad61f9aef3485772a237e85a1af5f7717b3b45511445515468655e0acb858d37f8c92cb9ccd0af73e4f237c8976059ae4fbc0f3d8b68ddb4efd352d72ada8593ce72c9ae33aed6e45a5cb10e2b658cacaeee2cf787ed2d5acf34bf042b84cd33d6a86da467c29a139c17bd1129c957cfe429faaf1269dc00b45d7386be31f7f45cf2bbf6537ed7eea720d5a6ff70c9238dda77fdc3b7da075cd3ac746f4c342afd47a6dbfc675f2b68a65fbd9e7b35cfb3b97c1aff5132e157fdd6d8960d547e37e6d1ea2d5eca5be8f922efbc9233f70b058bebdf83f57ca112cf152b2bed2fe62d22b35e7ebdc0afbbcc35170c5a72267bd38df7e5e33dcfd55c7396f5ae9b6f8b6528e385699ef0b616ebaee9ed4e6904e0356bd6942c592a57aedc79f3e66fd0a0e1c58b17d58c085221d71b5c23e53faf17babd97fab790bf7db77bf2fe8bfab46aa9d7f7d91215eeeabbeace01eb83d4efdafc188d00acbf91799f3929f37d5663f4f459ca937b75c67bb194f77cd27a6a6f9adab0beab9b7ae0e29f4785f77bf6192a7d5f2c1b4951144551141576c9154576ba9c90cb335b788e505903b0f3a23722f550b5962fbc94f3cff5fadbda6d65bbe68cc8c67c30756bb331d39b8c9e5aaf490b09c0353faddb7ccc3479d860661abfc9188d8d4977a57363866c7da24c2d6bd00d54cfbf98f3d1f7bfbe63c856fb08fecaefc63c54a7cb931fd4bbb7db0249bc7f6a3afa9e5e4b9f2ef9c15fbf19724f8f25ff79b7fa839f25feb6c37409c6f2d05c3006cbba6b9e7ce4471a01589c38714262f0d6ad5baf5fbfae9a32c8df8798239e7f2b277cf4bb6a6dcc632165fb871609c0afe4ce2b4ff073c58395f6af20010370064a0ba8de7f14896ad9fe8d87a2288aa2282a6b94fe4fead1098db7a0a21280d50d12eb6d9508deeabc63f096bbbb2f7ab872a3e75fcaf564a91a770ed860eb602dbfd79c19df982fc7cecf9d3b8ff98954b35a0df8d6d6d35a11dc98fb6b7779b84a63b3d2fcfbc0ce4af7c6fcb9fe60eb9f6b4eb31ef8b89d6466db20b60ab4312d7ffc5992d1affaaefd47a5ba4f546ef070ad762f1428feaff2b5eeafd7e7f9426fddd77eca5f1a0c7ea644a5db876cb32d1b3b65db35ed85e14fda01382acc0f31eb7c3f1e9d71d3a74f7f34473e73e7cd9a73f85261e3d3f61280e5b97ce0cb5e3211a41ea9d92a1a01f835dbaf7447ad8acd3c38e3e02dfbb72e8aa2288aa2282af3cb7ad19bce1ab2f5fe4f3affabf87bcfbe56e8f917733c59bae65d41ff0870906bce0c6e4ce369ab9b366dd6b061e3f215b5af232ef94ee9868d1acbc33e93e7d97a9a15d98df9d3d783cc5fc195893f7d3dd0d62178a57b63eeeabde2a9fc6f9be13694fadf2bafffa9c150db38d60ab231d3f79e7aadfc478f25349118fc6a8ed79ea8fccdf385df9630fcec9b15e4b03ffe91d6fed7fae1ed7b669673d7543274b8450138caeeb8f35777f45b6bdd7fbdfe386ae7b59454393a322de1f6955c79fef74669ed2670e0d23efe1ed900acddfbcdbc7fcbbc1afe1f19a3288aa2288aa2b274592f7ad35983b73cf24183a7f3bffd78994ffed8e8db34ff724a906bce0c6ecc7d2377feedbb5d52ad078d9624d6a85dd727c7ed96877fb07c88d75691dd983b066d7ebcdca7cf7bfee2d1e3e5ea84f8ad5766a57b63eeecb7ee6f75121fa8d521acd20270e09bb4c13766fda62d390bbcf1efb2359f2ef9e1439f757daa5495bf7e3de0d9e2e51ea9d1ea95dcf9fe55a1f69d699d06b7b09cbba60743a7ec1680a74f9f2ee9f757955b5877de5a85a61fd874faeaa0ed67efedb6e0afdf0c09a5fed270d81d8336d9c689fd92d7929c079f2c39666ba7288aa2288aa2b27d9917bdb6f6885728d79c11d9985683bfd30270d02fc18ad2c6dcdd7dd15379df7c3a5f89bb1317db6605a94c3b32a154881b3361c18a62ef56d4bf01ebe5dcf95eca5be8e5dcf95f2850fcc90fbfbe2be42fd9cae40ab46b2a1f3a64ab005c39e1a34773e4f37befd756357e3e7aeaeacd27c6edb1b5679b9257d18c831703fd030f455114455114150f15ed8bdeb0ae3933b8319d66ac6cd367708fc90bee1be97f7551dd983f3518f6c786c36d8d412a338f4c9a15d6c624ccd83172ec84172a7cfcdc1bef3e53a2e213951bfcbed50f7704ff33d1b7ae82ec9a8a880eae7fbffd7e9befa6cc5cbde9e8e973aa2deb387cf8f0aa55ab66ce9c59b14ac27f5e2f64fbd6abe0f5e7d1bbc6ec393fd0f367affe3d616f882744ccd6436376bffce3be37661c949360ea818bf22ab275a0288aa2288aa2e2b0227bd19bc16b4e36265065e38d896c85be6b2a313ab86efbb0e56d79cafee2af8fb87e758ffa4aaaace3de3ffee5f7ff7ce6cf452b6a7fefd7f88b47a1d76f47eea8f9f35139763bce5dbb703d451d92ace9f0e51bab4f5e19b04dfbea33ebd79a53144551144551715e11bce8cdf835271b13a8b2ebc64456e8bba6167070b56c974851144551144551144551d9a654de75c89edf020d00000000c806ae5ebd7ae0c08123478e9c3a75ea8cc5d9b367f59fa673e7ce9d3f7ffef8f1e304600000000040d643000600000000c405023000000000202e108001000000007181000c00000000880b046000000000405c0814802f5cb870e9d225f9a9e22f01180000000090a5f90dc0127425fd3efdf4d3d60c4c0006000000006461ce00aca7dfbffffdef2fbdf452a54a95cc0c4c0006000000006461b600aca7df471f7df48d37def8e69b6f3a77eedcb66d5b3d031380010000000059982d004bd62d53a64cfdfaf5070f1efcc30f3f4c9b366ddebc7953a74e9576023000000000200bf37b07d8893bc00000000080accdef976089b3fc192400000000407642000600000000c405023000000000202e108001000000007181000c00000000880b046000000000405c9000bc72e5caf1e3c7f7f73560c000fda769ecd8b16bd6ac21000300000000b22409c0927e0f1e3c78d9a0ffe1df53a74e9d3871eaf8f113c78e1d3f7cf84872f2be75eb364c983081000c00000000c8922400f7eddbd78cbee7cf5f387beedc9933670f1c38949cbc7ff79ee41d3b76afdfb069d1e2a51b376eeedda7370118000000009025e90158bfeb7be1c285b367cf9d3e7de6e4c953bb77276fdfbe6bcbd6ed1b376e59b67cd582053faf5bb781000c00000000c8aacc007cf1e2c573e7ceebe9f7d8b113db77ecdabc79dbfaf59b56af5ebf74e9caf9f317af5dbb9e000c00000000c8aa08c00000000080b840000600000000c405023000000000202e108001000000007181000c00000000880b046000000000405c20000300000000e202011800000000101708c00000000080b840000600000000c405023000000000202e108001000000007181000c00000000880b046000000000405c20000300000000e202011800000000101708c000805be9ea552a330a000008023000e056b2e5342a4a05000004011800702bd9721a15a502000082000c00b8956c398d8a5201000041000600dc4ab69c4645a9000080200003006e255b4ea3a25400004010800100b7922da751512a00002008c000805bc927a76d4ecc912371b3b525f44adfb2cea592aabb3c12922c8d7e6a6a82ab7a92f13029415fc85c6a67e71caac59530d558c45a3e8b6fee9cd3d6d9d9622be990a3f34e5ba3a77c46360b000008023000e056f2c969b73e004b7accd979b3a7dd5f8c344aba09a38364663588e45e6d712dbeaae0aa25614796f65ddcbb0d4667678bded32c6df35cfe02b0efc89602000082000c00b8957c729a11fcccfb9f66c6b3b7683dab27e87759f5a8e96cf17b1fd5131d3d3c29d1ba46e9633c34a3ac5acaa764962cebbdd12acb5ab7d3964b1d2dc1165795c666688d0909ce3bc0f691ad05000004011800702bf9e4343df86919558f7092e56cf763ad2d7a3294d467dc35959cabdd2cb5b4a81869664263715be24daaaec2645275332a2725f8bbf5ea2d4bcef4b9036cbb316be9e653de766d459d8d586e0feacef4ab02b39fd8accaff1a010080200003006e259f9c66c4517b0a75b678c3ad7107554b8c2af879c3a18a914692b42ca54a75b044d97404604f670fdb8d59e9e327c17aca27001bf9d9b2bf9644edb319c62e108001004807023000e056f2c9697aba8b540096a5548b11442d4ba9f2b4245903b3377906caae7af9cf996af3645adb9e2023f8046033e2ea5bee136e2dfbae77d0a3b6cedbcd5b0460000002220003006e259f9ca6e74f2d3a3a82ab9f163d5e06fe08b4191db524ac773616d71bf5756989d76c77ae3150494fa383b92273a9f42deee70eb0d6e22fe57207180080f4200003006e259f9ca6e2a8f73ea7f5d6a84f8bd633cd2fc19228a83fac2e13de05f54633a9ea51d3cc9c32e161ae3a40f9e44c89a9d6a5cc873a4f52b5e5529f87e6de9999d63b82775f7c62ad2500071bd92c00002008c000805bc996d3422d33b852a115000010046000c0ad64cb69a1160138cc02000082000c00b8956c398d8a5201000041000600dc4ab69c4645a90000802000c717dbf5109509052038db4b868a5201000041008e2fb6eb212a130a4070b6970c15a502000082001c5f6cd74354261480e07c5e3219f96aabf42deb7f29ff7f49c8b77cfad8fe0c92feb78815e36ffcfa96cfe2e69f41323b3b5bccb2fc8d25bf1bc99f410200202002707cb15d0f5199500082f379c9c44400960019285b9ae5dbc7fc1bc25aeecdd979b327beaae0aa2561c79f14f65ddcbb0d4667678bde53b568abb0b4582be0c603000041008e2fb6eb212a130a40703e2f1923f899f73f7374dea9cfb2b7683dab27e87759f5a8e96cf17b1f55baa9264f4ab4ae51eb23f152dafddf4435cade4796b56ea7391da025d8e2aa8cadf21377b5ed0fb46dc1361e00000802707cb15d0f5199500082f379c9e8c1cf9bf124cb79e29fff163d194aea33ee9a4aced56e965a5a548c3433a1b1b89978f53e49d57d23a8ff0ce95b963e3e7780bda1dddecda7bced4909ae84cedac66bec41dd37fd4a69ebca69efec53fed7080000040138bed8ae87a8904a2e37b5ab6afdd68a636e5a0520389f978c1147cd68a7854389b2ce166fb835eea06a8951bd48bdf754558c14466c369652a53ad85edd610660efefe5e64c48b0dece953e8e04abca27001bf9d9b2bf9644ed49f596dabcd3dc71fb2cad08c000000444008e2fb6eb21fdd24af8b98452978953136c178b59a322b9d9490972fdea3950fe6fb6a4510082f379c9e8ef3c910ac0b2946a3182a86529559e9624fb8790fd6748dff2df476d9e4c6bdb1328fd4af90460f34d58df726f8097b2ecbbad7cba798b000c00404004e0f862bb1ef2732d68963e2b488758ae58da6c00c1f9bc64cc771e6770f5d3a2c74be31ea9d6a22749a3c58c8e5a12d63b1b8beb8dde77394bbb5a8b9f0ce95b963ee68accedf46e70a0f2b7b835f01b6f62d2e293722d9d25009bc9d952fe371e00000802707cf1bd1e928b249d76a9241752ea91791997a35103fdb3839eeb307b07b3b49e01bf78465db7499f84ea6a75e6e27219676df18ee37be9a65d47ea547b5a83abdbdac6a5ad774cc72e183dcda1a49c5be5d8f290c6310a40703e2f19ed35ebf38663063c7b8bf7d56d79b5dadf8b8c7739cfabd8bba0dea8bfa5186bb466ce4019d2b77cfa484cd5e96b311fea3cef0cb6317d1edadfd6ac2378f745f53767199d838d6c1600001004e0f862bb1ef25ef99913e69593de12a4835932cbcf7d18bd8f74f6ccf269b18cef19412ee68ca5ac7760f43246d02f10e54230acc1ad639a8d6637ef8d94e05b1560f020e3580a4070d6d74b186579b552a11400001004e0f862bb1ef2b982d4929ece4895322b4807bd516f37fa4846d5ee487803a12546aa3e12923d8b9b375a3db4a5aceb32cbd918cae0668b6d7179a8566874d31f190306dd2a63f050c6b11480e06c2f9950cbfbdaa4422a00002008c0f1c5763de4bd82d4829f799fd392218374d0a67d07093700dbe2a2659c608da10c6eb658170fb40bd2474faf3254b0adb246f7b4c6d15b3c052038ebeb858a5e01000041008e2fb6eb216fba33839f96ee2c1932480799d64b0b7e7a8b44442391fa8dd35a8b25a33a97527dac650999b26a7d9342195c6fb18ee9d805f5996acf5cc9d2ea7e6fc0ad32060f651ccfb45e0082b3be5ea8e815000010d6007cf1a2fcbc74e1c20549c2478e1c3b78f0f0fefd07f7eeddbf71e31602703661bb1eb2a43b0993faed4be3ab62d42c4fbb3961ede03348c02fc1523d9d3152a6b500a977f22ce5ede35bd2aefae9b93794c18dcdf619d3cf2e485e55cc6e01b7ca7770ad43d0718c02109cf5f54245af000080b006e0cb97afe4ca9933a16ad506f5ebebd53d3171d2c4893b77ee21006713b6eba1c854a0e04a790a4070b6970c15a5020000c21680ab57ab367cd8b024c39c397356ac584100ce3e6cd74391290270d002109ccf4b2623ef27e95bd6be94f6eb0f8af191960035d5faadefe6c7408c0fc8a4398ecfe2e6075b9c9fa3712e1e6496a77c46360b0000083e021d5f6cd74354261480e07c5e32b73a006bd952a54a2dc11a69d659faaf42183933c9fc1bc2ea7725d21ac77771ef36189d9d2d7a4fbf9dcd595af98e6c29000020f808747cb15d0f5199500082f379c918e9cebcc9697eab9cbd45ebe9fbed03ce16bf374ba59b6af2a444eb1acd3e9e9216db77da1925c95396f5de68b5f6742ee56809b6b82a63ab3c9d8def4df054e0ad92b28f6c2d000020f808747cb15d0f5199500082f379c9e8c14fcba87a84932ce7897ffe5bf46468dc08d55af43ba296161523cd4c682cee49925ae2d5fb245577a44aff31d252960e3e77806d5f051f681c6f7b52822ba1b311cbed41dd27fd4af9efec53fed7080000041f818e2fb6eb212a130a40703e2f19238e9ad14ecb7b12659d2dde706bdc14d512a30a7ededba42a460a23361b4ba9521d6c895132a43d793aca27671abf039c3321c17a8736c8383e01d8fc0279effe5a12b527d5abf2d3d99865140118008080f808747cb15d0f5199500082f379c9e8013552015896522d4610f51b80732426593f57ac8d9366fa95f29f33bda1348d717c02b09963f52df7067829cbbe4b393b9bb38c2200030010902d00b76cd14212ef5cc3d2a54bd7af5f4f000600448b4f4ed303aa161d1dc1d54f8b1e2f037f04da8c8e5a12d63b1b8beb8dfabab448ec5c519a65c999e68accc5d31ec7dfe2d6c06f047569f149b9cecee62c5596912d050000041f810600dc4a3e394dc551eddea6fe916233e0d95bb49e697e09964441fd617599f02ea8379a49558f9a9eccd94f2da0f8bbbf6a964fce942caad3d7623ed479c6b1e5529f87e6de996bf48ee0dd17d5dfd139d8c866010000610dc0927b4f9f3e73f2e4a963c74e6cdfb16bf3e66debd76f5abd7afdd2a52b09c00080a8b0e5b450cb0cae546805000004011800702bd9725aa845000eb3000080200003006e255b4ea3a25400004010800100b7922da751512a00002008c000805bc996d3a82815000010046000c0ad64cb6954940a000008023000e056b2e5342a4a05000004011800000000101708c00000000080b840000600000000c405023000000000202e108001000000007181000c00000000880b046000000000405c20000300000000e202011800000000101708c00000000080b840000600000000c405023000000000202e108001000000007181000c00000000880b046000000000405c20000300000000e202011800000000101708c00000000080b840000600000000c405023000000000202e108001000000007181000c00000000880b046000000000405c20000300000000e202011800000000101708c00000000080b840000600000000c405023000000000202e108001000000007181000c00000000880b046000000000405c20000300000000e202011800000000101708c00000000080b840000600000000c405023000000000202e108001000000007181000c00000000880b046000000000405c20000300000000e202011800000000101708c00000000080b86006e00b172e9c3d7b4ed2eff1e3278e1e3db675eb8e8d1bb7ac5dbb61e5ca353f2f593e77de42023000000000200bd303f0c58b17f5f47becd8f123478e1d3a7464e3c6cd927857ae5ab374e98a858b96cc99bb80000c00000000c8c224008f1933e6e0c183e7ce9df37cfef9e48913278f1f3fb17bf79e1d3b766ddfb173dbb6ed5bb66cdbb469cbf2e52b478d1a4500060000000064491280972e5d2a19b8779fdec14bd2efac59b308c000000000802c4902f08103078e1c3972ead4a9331667cf9ed57f9ace9d3b77fefc79023000000000204b22000300000000e202011800000000101708c00000000080b840000600000000c405023000000000202e108001000000007181000c00000000880b046000000000405c20000300000000e202011800000000101708c00000000080b840000600000000c405023000000000202e108001000000007181000c00000000880b04600040bcbb919272e5fa8db397afee3f756ef3e1132bf61e9ebf6d5fd2ba1da3976f1eb278fde045aa647ad4b2cd13d76c9fbb3559fa6c397c72ffa9f3a72f5db97cfdc6f59b296a2c000010c308c000803875e9daf5a3e72e6e3c785c02ed84d5db24e2f69abbaae79c80d56beeea3ef3d60c58b86ee0a20dfd16aceb386d69c3f173bacd58366ef5b6595bf6aedb7fecf0990b17af5e4f494d552bc84457af865d0000c42102300020bedcb89922b977e5de2313d7eee8bf60ad2de506af1eb357b5f96971ade1934bf51c95a775df7c6dfb7d337e76ff85ebf4b9128fc7afdab66cf7a18367ce5fbd7153ad2f53d8c26d280500401c22000300e28844d3c53b0f8e5eb165c8cf1b872cde3860e1fabef3d6f49abbda136e57f63082aeed56b074906a9eb42061d00f795af72bda7e408dc16387cc5fb62ef9c0f44d7bbacc5861ed2c25b97ae6e63d7b4e9cb999924977836de136940200200e1180010071e1d2b5eb2b938f8c5ab6e593113fbd9df86d95c113bf1c33a3f5e4c5bde7ae19b468c3d09f370d5bb269f0a20d9287fb2f583778f1c63ef3d698795826a4b1e3f4a5b95af6ad3574c2dee3a764c0cbd76f9eba7865f696e4ced39799d1d75afde6af59b07dffd9cb9991356de136940200200e11800100d9dff92bd7a66ed8dd75e6f2727dc6bcd979f04703c796ec36346f9bbe395bf6c9d1bc7781f6834bf5fceea3a13f361c3fa7fbac95eda6fe5cbac7e8b63ffddc6fbef601692dfd7a264af518f54ab31e2bf7ec9701371d3a3178f1fa810bd70d58b0b6c7ec9566e875d6b8555b4f5cb8a46f46f4d8c26d280500401c22000300b2b9ab376e4edfb4a7effcb51f0d99f46ecf6fd7ec3d989272f3e0e933abf6ec9fb67eebc0b94b9b8e9b963070ec9b5d06e76edde7a5663d5e6ddeab52ef6f3f1c30aef73ced93cfb260d719cb0b771c5c2a71e8a26dbb52525397ec3a28a1b7e3f4655d662c97782cdd6ca1d75692812f5cbda6b6263a6ce136940200200e11800100d9dcf6a3a77a7982689b9f16f75bb07af6d67d0bb61fd870f0c4a13317af185f5575fef295bdc74fadd8bdef8795eb676cd87af4ecf9f693e77e3ce2c77e0bd6f599b7a6c3d4259f8c983c7af9c65dc7cfccd9baafc7dc55bde7ae1eb278c3a045eb2500779db55cc6d75711a856271fd1571425b6701b4a0100108708c000806ceee79d07bbcfd23ea5dc6ffedabef3d7769eb1acf38ce5ddb496d58316ae1bbd6cf3d40dbb17ed38f8f3aefd57af5fd7173976fed2d48d3b1b8e9fdd77fe9adef324c1aeeebf705dff05eb7acc5ed565c6f2b63f2dfe62cc8c72bdc7bcd2bcf7ff1a77ff72cc8c410bd74b0d58b8beff82b57db445d64842d6bf5b4baafbec95d336eed6478e125bb8f5ada909aeea49f646b52000007185000c00c8e656ec39dc6da6f78b9a7b78bef03971d64a69ec3a7385f631e6d9ab1aff30af52ffef472fdb38676bf2c8a51bfbcd5f238957fb1eacd92b25f74a6ceee559aaf7dc35ef0f18ff589dd6ffa8d7be60bb7e75864f2cd96de8a375dbbcd0a47b914e4365d6976366b69ebca8ebcce5da5f0c3616ec397bd5c4b53bd4d644872ddc5a4ad2af20000300a021000300b2b9e99bf6749cbeacf7bc35660676569719cb3a4e5fda6d961689e567bff9eb5afff4739eb6039e6ed0357fbb811f0ffbb1c7ac157d3c7774db4d59346dfdb67d274e1f3b77f1d2b5eb074f9ffb7ec99ae6e3a7bfdf7774de36bdff53bfd393f5dafffbeb4eaf34eff566d7e19f7e3b45d26fefb9abdbcc5caab6263a6ce1d6a89d9d7348f4e50e3000000a01180090cd8d5ebee9d3ef66f49bbf5682a835f4daaa8fe70f200dd0fe06d2868613e6bed8b46795fe63da25cd2ad363f87bfdc7f69cab75489cb562d0a2f5272e5ed975ecf4b8555ba76edcbd2af9c8a1b317cf5cba72eef2d5f357aeee3f7566e1b6dd83e62dad3f6672a1f6fd2bf4f96ed082b5d5c7cc283974a2da9ae8b0855bdf22000300a01080010099ca16c33258a118b96c43d1c4ef9a252dec336f75a06f6c966cdc6de68a16490bbbce5c5efbdb294f7dd3a54dd26c59f6facd9479dbf6f5b0f494e9a13f6f90a1bacc5cde65c68ace3357749fbdb2dfbc35a3976f9eb671f78abd47924f9e3b7551cbc30b771c18b060ed67e366ffa1618f82fdc6ea1b1325b6c3e25b04600000140230002053d96258062b14df2edf98aff3c84a03931afe303f71d64acfd7537903ad9e69072c58d761ea92dcadfbfefbab0ecf35ea36709ef689e513e72ffdb07a7b97992b6c7fe9b7db2c2df49a0f656ef7592bbbce5cd169fa32a9c4d92b062f5e3f72c92649c8158726fdb1692fd767ed8b0f1aaf6f4c94d80e8b6f118001005008c000804c658b6119ac5048002ed87554f901933e1afe5383f1f33a4d5fae075709b1925dcdbbbb7de7ad19386f79f3b153e66cd2beb0eaf2b5eb5f8cfaa9fad01fa55bf0cf4eebd54bfb10f5ea010bd6ca38eda62ea9396a7aee2e23ffdcb0c7ddf5bbfde2cb4ec5074dd037264a6c87c5b708c000002804600040a6b2c5b00c5628f4005c716052f51153ea8e99d52c6951d7992bfacd5f234955826bb7d9dacddb765397caf4d9cbd7a47f4aaa7befc9733336eda93e74d2d76367f6b4fc412367f5f6fc6e703fa9f96ba45bdba94b6a8c9c5ab8fb77ff6d35e0ef8d7b3fd0b8d77d0d7b48002e96a901d8967809c000002804600040a6b2c5b00c56288c003ca9fa88a95f7c3fbb79d2a22e33960f5cb86ed4f22de3566f1bbf7adbe8e55b862cde207978e29a1d5337ec1eb974638f39abda4f5b2ac9b6effcb5b61bc552bd3cb9b7f7dcd5da9de1d92b3bcf58deeaa7c55f8f9b5b6df894b77a8fcdd161d833ad063ed56ac03f5bf47bb049efdfde82001c520100108708c000804c658b6119ac50f80dc00316ae1bb372db8c4d7b96ee3eb4e1e0f11d474fef397176f5bea3d337ed19b76aebb7cb368f58ba71e8e20d0317add33fd52c6158fbe5e139ab250f779db5bce3f465ad7ffab9c9c4f9f5c6ceae31726aa5c149257b8f2bdc75749ece2372771af14abba1cfb61ef80f023000003186000c00c854b61896c10a45a000fcdd8aad5337ec5eb2ebd096c3a78e9dbb9492e2be9e9272e2c295bd27cf6d3e7c7255f2d1853bf6cfd8b43769ddce312bb70c5fb271c08275bde6ae96655b4f91e8bbb0ded8399f8e9a516dc4d4f7072595edffc33b7dc615ebf17dc16ea35eef3452ad180000c4180230002053f926d89d9d73b89484a97a6352826a7019bfb96ab62424990baa0a45f000fcf3ce831b0f9e3870fac2e56b372edfb879fcc2e57d27cf6d3b726add8163cbf61c9abb75dfd48dbbc7afd93e72e9a6810bb500ac7de079cacf8d7f58586fdcdccfbe9b5973e4b4ca4326571838a974dff1c509c00000c436023000205359e3ebe6ce398ddcab25614fbe95899c9d377bfb5c4daa6ef4f1f3654ea1083d005fba7ee3e8f94b7b4e9cdd7ce8e4ea7d477fde7570f696e49f36ec1ab77adb084b00d6ef007f4500060020ab21000300329535be5a4bc2708ece3baf6e4ecce1ef2b8b3d95ce003c7cd906023000001004600040a6b2c6574b19e136a9ba2b474ef5b168e343d152dabde2f47e047adceaadf9ba7c5b6910011800807847000600642a5b82f594a45fcbc79e37efdcec9990d06b4bbc4909f60c1c8ae453678bf5f8be4cbf09354612800100886b04600040a6b2c657adb4cf3cfbfed2af51ea43d1415b42919aea1ebb6acb9b3dbfaf3c7472bdb1991a80870d1bd6dc3069d224d50a00006e11023000205359e3ab9fdff8f57ee5957107d8d292be3bc0e2facd9471abb7be3ff847c9abcd9216758d7e004e4e4efe9d47ddba75f5005cb264c9ca952bebdbe3c7d4eafae7be45f5a9aacd0fa39ba5cfcec49c391377069da591d9c1060600201e1080010099ca1a5f2d7ff148a3dfdd351bcd9bbdce16b34297929abae5f0893653967c35764e9b9f7eeebf202a01b850e2a8dc1d47c8ea860d1b96376f5ef9dfa74ccb846713dc1283a55d9ff62141d54ca7dab4995a6d24c47a66d9fa6b6d4166093d1c13800100f18e000c00c854b6049bc10a4baadb7dfae295f5078e0f59bcbef7bc35c3976c9abc7ed7e29d0737652c0057f104e0527dc617ea3afae5b6439e6f3d48feaf59b26449b556f9bfa34bfdff516f979ffa432f6f52f565dcd455d1d5dbcd31156496f65f599e3bc00000c8c50301180090896c093683950e29a9a992758f9dbfb47acbaed95bf72dde7160c381e3fb4f9dbf74358c00dc78e2827a63e7d41e3da3eab09fcaf69ff856ef716ff51a5b61c0c48e3396aede7744ffd55fb53e4f009696e79e7bee91471e097413d888ba968cea4db24678b5645873726a754fa720b3144b0f0000e21501180090a96c093683957edbb6a53efdf4cd37dfbcd4acf9e919b34f5fbc72e5facd4bd7ae4b30de7de2ecc6832756ee3dbc68c7fe199bf624addb3166e596a13f6fe83b7f4db7592bdb4e59d2f4c7450d7f98fff5b8b95f8e9ddd64c2dcbea37e9cb964edeee36764f19b12af5353b55ff93502b0fc1f5472ad445fc9bd326d9de58fc4542306eb93062dcbfa49b9f6fffa6fd2d81e0200108f08c000804c654bb019ac743a79d2fdf8e36e974babbfff3df5d021bd39d5ed96042b49f8dce5abc72f5cde7ffafc8e63a7371e3cbe7cefe1a5bb0e2ddb7370d9ee43abf61dd978e8b8c4dd63672f5e68d7e1469e3ca98f3c72f3a597532d5b3369d2246bca4d4e4e56536e77e5ca95fdff1ab085baf5eb4cacce4f379b7d82cc5208c00000c8c5030118009089acf135e315ba1d6736486953d7aeb9f3e451e9f7aebbdc2b5678e6a7cbdebdee7bef5543356eac1a3d9e7bee39356521ff377de49147ac79589170ea4da792603d0fb4ffeaa1d668d1fa795a8c064ba80d324be768000020fe1080010099ca96603358a14b5c575f4afba3c0d5aaa9c82af5fdf76a76baf5e8a186bafd76f7ba75aad1f816e8759616f95f69c9922503ddfed572ab41ddca15125a756674355a3c0db290b76fb0591a0230000072f14000060064225b82cd608568c7990db5e71793da31b0a937fd06fb5ddc90ddbce9ce99530df8c20bee1b37d47d664f0636ff0eb0fc7ce49147ac79180000643e02300020fb4b5c575f0fc089dd5f5561b55c39ed6e70446cd9e2bef34e356c870eda7d66437272b2e74baf347e3ef90c0000321701180090cd99b77ff5daf1dc1fdc2fbde4be7c59cdd6583e806c7c4cd8dbe4f3c161e707893d2d6ddae80178c7cb7f9355a839000020c610800100d99c79fb57afc47e79dc870fab791e5ad655a9d698f4fe0aad65a6fa2d5b6b00365aae5f773ffbac04e0c4eeaf128001008859046000407666bbfdab97f96bba4e2af9fa04607d4a2624fa5aef00fbb6ac5ebde3f93fe9e3ebb3010040ac21000300b233ebed5fd5040000e215011800906dd96effaa56000010af08c000806c2b71ce47046000006022000300b2a71dab2759d32f0118000010800100d9d1d1a389fdf210800100801501180090ed5cb9b2a3d2ebb6f42ba5e60200807845000600642fa9a9eef7ded3ff1eafad5407b77bd8b061cd0d93264d52ad000020bb23000300b297b66ddd2e97aa0e1d54a3213939f9771e75ebd6d50370c992252b57aeac663b4dadee32987fffd70fa39ba58ff10784c39b050000a288000c00c846264cf0a6df0f3fd4ee06fb1a366c58debc79e5ff6a322d137aa3c46069d7a77d485035c3a936ed49ad7e4890f5ccb2f5d7dac29c050000a289000c00c82ed6ac71df738f4abfb972c9ffe254bb41fe6756b26449f540fea725dd3cf476f9a93ff45249d5c1b873ab72abb79b632acc59000020aa08c000806ce1f061f7830faaf4fbc823eee3c755bb85feabbfea8127004bcb73cf3df7c8238f04ba09ece743ca96b82a73b519ea3f96166dc2d329cc59000020aa08c00080aceff265f7cb2fabf4fb9bdfb8376e54edbeb45ff93502b0fc8f4d72ad445fc9bd326d9de58f44542306eb93062dcbfa89b2f6fffa69f2330b0000441701180090c5a5a6bacb9757e9f7b6dbdc53a6a8768749932659536e7272b29a72bb2b57aeecffd7802dd4ad5f675a757e98d9ec13d62c000010650460004016d7b2a54abf525dbbaac6009e7bee39356521ff937be49147ac795891b0ea0dbb12533d0fb4ffea79d568d1fa795a8c064b460e631600008836023000202b1b3bd69b7e3ffac8f9b5cf36c33cdf02bd6edd3af5d8f806ac40b77fb5706af0dea595e8aa3373abd1e2699085bc7d439e050000a28e000c00c8b256ae74df7db74abf79f2b8af5d53ed4149d635ff0eb0fc7ce49147ac79180000646304600040d674f0a0fb6f7f53e9f7f1c7dd274faaf6102427277bbef44ae3e793cf0000209b22000300b2a04b97dccf3fafd2ef6f7febdeb245b5030000044600060064352929ee77df55e9f7b6dbdcd3a7ab76000080a008c00080aca64913957ea57af4508d0000006921000300b29451a3bce9b766cd34bff6190000c044000600641dcb96b97ff52b957ef3e7775fbfaeda01000042400006006411fbf7bbfff217957e9f7cd27dea946acf8ae6cf573b22356a946a04000051460006006405172eb89f7d5625c6dffdcebd6d9b6acfba6ad654bbf3873fb88f1f578d0000209a08c00080989792e22e5952c5c55ffed23d6b966acfd2ce9d733ff8a0daa90a1554230000882602300020e67df38d0a8a527dfaa8c66ce0a79fbcfbf5e38faa110000440d01180010db468cf0a6c4dab55563b651a992dab5fbef779f3dab1a010040741080010031ece79fdd77dea92262e1c2ee1b37547bb671e284fb4f7f523b58bdba6a040000d141000600c4aae4646f38fcd7bfdc67cea8f66c66cc18b58f5273e7aa4600001005046000404c3a7fdefdd4532a16fefef7ee9d3b557bf6939aea7eeb2db5a78f3de6be7449b5030080482300030062cfcd9bee37df5499f0f6dbddf3e6a9f6ecead021f77df7a9fdfdf24bd5080000228d000c00883df5eaa934283570a06accde6437f5fdbded36f7f2e5aa11000044140118001063060ff6a6dfcf3f578dd95e6aaa3b7f7eb5d74f3de5be764db5030080c82100030062c98205ee3bee5039b05831edb3d0f163f76ef7dd77ab7d6fde5c35020080c821000300628624c03ffc4125c0fffcc77dee9c6a8f1f5dbbaaddbfe30ef7c68daa1100004408011800101bce9ed542af1efffef8472d0cc7a19b37dd2fbfac0e824cc4d50d700000a28f000c008801376eb88b1655c1ef8e3bdc0b17aaf638b46993f743e05dbaa84600001009046000400ca85b57453ea9a1435563dc6ad1421d8abbef76efdaa51a0100408611800100b75afffedef4fbd557aa319e5dbba67d11b47e40f2e5d3be201a00004402011800704bcd9debbefd7615f64a94e0b75e95152bb43f08ac1f96010354230000c818023000e0d6d9b1c3fd7fffa762de33cfb8cf9f57ed10f5eaa923f3dbdfba0f1e548d0000200308c000805be4cc19f73fffa932de9fffec4e4e56edd05dbae47efc71757c4a94e083d00000641c011800702bdcb8e12e5448a5bb3bef742f59a2da61356f9e3a4452df7da71a0100407a11800100b742eddade683772a46a84538d1aea28fdf18fee132754230000481702300020d3f5eeed4dbf0d1baa46f875f6acfb8107d4b1aa544935020080742100030032d7cc99ee5ffe5225ba77de71a7a4a876043279b23a5c523ffda41a010040f808c000804cb475abfbbefb54967bee39f7c58baa1dc155aca80eda030fb8cf9d538d0000204c04600040663975cafdc4132ac8fdf5afeefdfb553bd274fcb8f63bc0faa1ab595335020080301180010099e2fa7577be7c2ac2dd75977bf972d58e108d1ead8e9ed4bc79aa1100008483000c0088bed45477f5eadefcc65ff4490739866fbea90ee0134f687f251800008489000c0088beeeddbde9b76953d588701d38e0feed6fd561fcea2bd5080000424600060044d9b469eedb6e53b1ad4c19bef63943faf75747520ee98a15aa1100008486000c0088a6cd9bbd372d5f78810fee66544a8a3b6f5e753c9f7eda7ded9a6a0700002120000300a2e6c409f7638fa9b476fffdee8307553b3262e74ef7dd77aba3dab2a56a0400002120000300a2e3da35f7ebafab9c26816de54ad58e8cebdc591dd83bee706fdaa41a0100405a08c0008028484d7557adaa429ad4b871aa1d1171e386fba597d4b17de515f7cd9baa1d000004450006004441972edef4dbaa956a44046ddca8ddfed58f70b76eaa110000044500060044dae4c9ee5ffc4265b30a15b4bbc1888666cdd441bee71ef7eeddaa110000044600060044d4860dee5fff5a05b3575e715fbeacda1171d7aeb9fffb5f75a80b14e01f1a000048130118001039c78eb91f7e5845b2871e721f39a2da1125cb977bffc6f2a041aa110000044000060044c8d5abee9c395518bbe71ef7dab5aa1d51f5c517ea98df779ffbd021d5080000fc21000300222135d5fdc1072a89494d9ca8da116d172f7affd8f2db6ff341680000822000030022a17d7b6ffa6dd74e352273cc99e33df8df7faf1a01008003011800906113277abff6f9fdf7b909790b54aba68eff9ffee43e7952350200005f04600040c6ac5debbef75e95be72e6d47e131899efcc19f7fdf7ab67e1bdf754230000f04500060064c09123dab73debb9ebef7fd7be051ab74a52927a22a4a64c518d0000c082000c0059c9d5abf15e08a67c7915801f7ac87dee9c6a040000060230006425b634188785608e1d73ffe10f2a037ffcb16a040000060230006425b634188785347cfbad0ac0520b16a8460000e041000680acc49606e3b09086d45477f1e22a003ff9a4fbf265d50e000008c00090b5d8d2601c16d2b67fbffb37bf5119b87e7dd508000008c00090b5d8d2601c1642d2b7af0ac0bffca57bd52ad5080040dc2300034056624b83715808494a8a3b4f1e95819f79c67dfdba6a070020be118001202bb1a5414f4d4d70554f321f265577792424991dac158dce3b3be7d0e7c8bca97a6352826a70a911fcf4f134e6ecbcd9dbd93b72e00d43a876ec70df7597cac0ad5bab460000e21b011800b2125b1af4645461c65479a845caab9b137358b3ab776ee43b6fee9cd3c8b45acaf54456956c83f6f10c952371b3645d354b56a18f1c6cc310868e1d5500bef34ef7e6cdaa1100803846000680acc41a053d6152f2a1991b8d48a966f944d06876f69604dd1c9d77fa0dae66a93e9609a38cd5055d57fcb0ee757c1600001147000680acc496103c6589a9debba9dae78a9d9f1f8e666729a3bf74ce91537de4d958cade471bc71b6eb55bc4e6079e83ae2b7e58f73a3e0b0080882300034056624b089e8a91002c9d2d776b37eff4dcc2d592ada5b3b58f6570a3d4c804600feb5ec76701001071046000c84a6c09c153962499f60795a3d359fbccb3df112c9f73b6f5b1a45cb354e7a0eb8a1fd6bd8ecf020020e208c0009095d81282a7acb75265da9318b5b469bfbf6a74887467678b25dcaa3bc08e3ede5bbb7eeef706dbb0f861ddebf82c0000228e000c0059892d2178ca1a533d7952ffdd5bf5c961dfb951e82ca9d54abfdf6b36da1eea72749e65bdb56bebac957d5dde8a1fb61d8fc3020020e208c0009095d812421c56fcb0ed781c1600001147000680acc49610e2b0e2876dc73de5bd27af7f6fb6c973f37c6767f5d5db2ee7ef577bcae796be7784103afbb9271ff82ebdbf59ead7b9cdbbfda18c030040c4118001202bb1258438acf861db714f22159650aa97f19bd25aa05551564bc28e3ce9bbb82ce5fda6b1b43a6b0f6dbf95ed6c31cbdf2c7d759275d5164a9f34c751c7010080082200034056628d07f159f1c377c725a64a3e3473a3b792fcfd552af57ddade16fbe28e0ed672ac4b8faf6a969157037d53b7bf598ed51983071987000c0088020230006425d678109f153f6c3bee294700f606486bf9c9c9b6762d36774e549f984ef323d0de3bb746de76b6e83dfd76d626bce156ffe8b55a24c8380460004014108001202bb1c683f8acf861db714fd993ad8446c78d5ce963bf956a944f007619c9d9993c3d15c1006cdf6cef2c0230002073118001202bb1c683f8acf861db714fd992a423586e4ecc1130fd4af90460336d06f838b46570e70795837c74d939cb9272cd522b0d320e011800100504600080dbbd6891fb8e3bdc2e9756458bba6fdc50edb875ac51d028dfc4eb4d8fc6435b1eb69765f1a0b75e3d655d974c1bb957353a5bccb2cff28eefffe670a071d4710000208208c00010f7f6ec71fff18f2afdfefbdfeeb367553b6e296b1434ca1a4aed775625525a796eeafaf6f77da8ff2eaed1d33ed7cfba3cbc51d9de62e9ef33cbe7d6aeb991de7bcece918d020020e208c00010dfce9d73fff7bf2afdfee10fee5dbb543b6e355b1a8cc3020020e208c00010c76ede74172ba6d2ef1d77b8172c50ed8801b6341887050040c4118001208e9d3feffdd55fa9debddd478ea859b8d56c69300e0b008088230003407ccb9fdf1b80a57ef10b77debc24e158604b8371580000441c011800e2dbecd95ae2bded369f184c128e01b6341887050040c4118001006ef7d1a3ee3e7d822561c9c9c85cb6341887050040c411800100168192708102aa03328b2d0dc66101001071046000803f7a123603f01d77b82f5c50b3902d356aa49eeb7bef75efddab1a0100c85e08c0008000e6cd73df7ebb0a45c58b6b7f3309d9d8952bee7ffd4b3ddd850bbb5353553b0000d908011800e0cfae5deedfff5ec5a1a79e729f3ba7da918dfdfcb3f62bdffa933e6c986a0400201b210003001cce9ef5de0cfcd39ff8406c1ca953473deffff77f7c01380020fb210003007cddb8e12e5244a5a03bef742f5aa4da110f2e5c703ff2887af64b97568d00006417046000802ff31ea0d4f0e1aa11f163e64cef09307ebc6a0ca47b77f7b3cf6a9518f0e2000080d84100060058f4edeb0d3f0d1aa846c49b2a55d439f097bfb84f9d528d4e3b777acf16a96ddb543b0000b18a000c0030cc99e3fee52f55982959d29d92a2da116f4e9f76fff5afea4ca85c5935daa4a6baf3e7577df47aed35ce1900408c230003003cb66fd7bef7484f32cf3ecb5ffd8d773ffce04db63366a846ab2143bc1dccead54bcd05002026118001009e3b7efff887ca307ff98b7bdf3ed58e78f6eebbea9478f861fb3f881c3be6fde792cf3f777ff38d9afef5afddc9c9aa0f0000b187000c0071effa757781022ac0fcea57eea54b553be2dc9123de94fbe9a7aa5157a1826ad7b3f1952bee7ffe53b5142daa7d3a1a00809844000680f82659a5664d155da4468d52ed80183e5c9d18bff8857bf162d53875aaf78499364d35ca5ce9a3378e18a11a01008831046000886f3d7b7ac34ce3c6aa11d0a5a67aff28f4bffea5dde9bd70c1fdf7bfab968a1555375deddaaafdf7bf771f3daa1a0100882504600088633366b86fbb4d8596d2a5f90a5ff8919cecbef75e7592346ce8ae5b574d4bca3d764cf5d159b3719932aa110080584200068078b5658bfbbefb545c79fe79f7c58baa1db0b17e4cc0aca143d55cabe9d3bd1d7ef841350200103308c00010974e9e743ffeb80a2a7ffb9bfbc001d50e38a5a4b873e5f2265ba90205027ed3d5871faa3e7ffdabf6ede20000c412023000c49f6bd7dc79f2a89472d75dee152b543b10c8b66dea84d16be74ed5ee74ea94f697b4f46e55abaa4600006203011800e24c6aaabb5a356f92f9fe7bd50e049798e87ef659ad7af4502d818c1fef3dc166cd528d0000c400023000c4996eddbce1a47973d5084456a952ea1c7be411edcbb10000880d046000882753a678bff6b95cb980bfc60964d0e1c3eedffd4e9d699f7da61a0100b8d508c0001037366d72ffe6372a93bcf492fbf265d50e44c3d0a1ea64fbc52fdc4b96a84600006e29023000c487e3c7dd8f3eaa02c9030f6837e880a84a4d75172aa44eb97fff5bae38543b0000b70e011800e280648fd75e5351e49e7bdc6bd6a87620aaf6ee75df7baf3af11a37568d0000dc3a046000c8ee5253dd952bab10223561826a0732418f1eeac4bbfd76f7ba75aa1100805b84000c00d95dc78edef4dba68d6a0432c7cd9bee9c39d5e9f7c20bee1b37543b0000b702011800b2b5a424ed2b88f4f851a9125ffb8c5b60cb16f79d77aa93b04307d50800c0ad40000680ec6bfd7aef6f60befaaafbca15d50e64b2366dd47978d75deeeddb55230000998e000c00d9d4d1a3eebfff5da58e871ed21e02b7caf5ebee679f5567e3ebafbb5352543b0000998b000c00d9d1952bee1c3954deb8f75ebe7c08b7deead5ee5ffe529d937dfaa84600003217011800b29dd454f77befa9a4f18b5f68bf060cc482faf5d569f9eb5fbbf7ed538d00006422023000643b6ddbaa9821c5770e21765cbeecfec73fd499f9c61b7c251b0020f3118001207b9930c19b7e3ffc908c81d8b270a1f7fc1c3952350200905908c000908dac59e3bee71e952e72e592f778d50ec48e5ab5d429fafbdfbb8f1d538d0000640a0230006417870fbb1f7c50458b471e711f3faeda819872febcf6b5e4fa895aae9c6a04002053108001205bb87cd9fdf2cb2a54fce637ee8d1b553b1083a64e55e7aad4a449aa110080e823000340d6979aea2e5f5ec589db6e734f99a2da8198f5fefbea8cfddbdfdc67cea8460000a28c000c00595fcb962a4b4875edaa1a815876f2a4fbcf7f5627ed471fa9460000a28c000c0059dcd8b1def42b4182af7d4656613d7567cf568d00004413011800b2b2952bdd77dfad22449e3cee6bd7543b10fb5253dd254baab3f7d147dd172faa760000a286000c0059d6c183daef4feaf9e1f1c7b5cf940259cba143eefbee53e7f0e79fab460000a286000c0059d3a54beee79f57c9e1b7bf756fd9a2da81ac65f060751affe217eea54b55230000d1410006802c2825c5fdeebb2a36dc769b7bfa74d50e6439a9a9ee0205d4c9fc9fffc885896a0700200a08c00090053569a20283548f1eaa11c8a2f6ec71df738f3a9f9b36558d00004401011800b29a51a3bce9b7664dbef619d94162a23aa56fbfddbd7ebd6a040020d208c00090a52c5be6fed5af5454c89fdf7dfdba6a07b2b49b37ddafbeaa4eec175f74dfb8a1da01008828023000641dfbf7bbfff21715129e7cd27dea946a07b281cd9bdd77dea94eef4e9d5423000011450006802ce2c205f7b3cfaa78f0bbdfb9b76d53ed40b6d1aa953ac3efbacbbd73a76a0400207208c0009015a4a4b84b9654d9e097bf74cf9aa5da81ece4da35f733cfa8f33c4f1eedb4070020a208c00090157cf38d4a05527dfaa84620fb59b952fbcb5efaa9deaf9f6a0400204208c00010f3468cf0a6dfdab55523905d7dfdb53adb7ff31bf78103aa11008048200003406cfbf967ef3703152eccb7e322fbbb7cd9fdc413ea9c2f5e9c3ff405008820023000c4b0e464f79ffea492c0bffee53e7346b503d9dbfcf9eab4971a354a35020090610460008855e7cfbb9f7a4a6580dfff9e2fc5457ca959539dfc7ff883fbf871d5080040c61080012026ddbce97ef34d15006ebfdd3d6f9e6a07e2c4b973ee071f542f810a155423000019430006809854af9ebaf4971a3850350271e5a79fbcaf821f7f548d0000640001180062cfe0c1deebfecf3f578d401caa5449bd10eebfdf7df6ac6a040020bd08c0001063162c70df7187bae82f564cfb2c3410b74e9cf07e0f5cf5eaaa110080f4220003402cd9bd5bfbca1ffd72ff3fffd17e0d12887363c6a85784d4dcb9aa1100807421000340cc387b560bbdfa85fe1fffa8856100a9a9eeb7de52af8bc71e735fbaa4da0100081f01180062c38d1beea245d555fe1d77b8172e54ed000e1d72df779f7a757cf9a56a0400207c046000880d75ebaaeb7ba9a143552300ddc081ead571db6deee5cb5523000061220003400ce8dfdf9b7ebffa4a350230a5a6baf3e757af91a79e725fbba6da010008070118006eb5b973ddb7dfaeaeec4b94e06b9f01ff76ef76df7db77aa5346fae1a010008070118006ea91d3bdcfff77fea9afe9967dce7cfab76004e5dbbaa17cb1d77b8376e548d0000848c000c00b7ce9933ee7ffe535dd0fff9cfeee464d50ec0af9b37dd2fbfac5e3232c1c725000061220003c02d72e386bb502175297fe79dee254b543b8020366dd26effea2f9c2e5d54230000a1210003c02d52bbb6ba88971a3952350248538b16ea8573f7ddee5dbb5423000021200003c0add0bbb737fd366ca81a0184e2da35ed8ba0f5974fbe7cda17440300101a0230802cefead54856669839d3fdcb5faacbf777de71a7a4a87600215ab142fb83c0fa8b68c000d50800405a08c000b23c5b82cd6045ddd6adeefbee5317eecf3de7be7851b503084bbd7aea75f4dbdfba0f1e548d00000445000690e5d9126c062bba4e9d723ff184ba6affeb5fddfbf7ab7600e1ba74c9fdf8e3ead554a2041f8406008482000c20cbb325d80c56145dbfaefdbea27ebd7ed75deee5cb553b80f499374fbda0a4befb4e350200101801184096674bb019ac68494d7557afcec53a1061356aa8d7d41fffe83e7142350200100001184096674bb019ac68e9dedd9b7e9b36558d0032e8ec59f7030fa85756a54aaa1100800008c000b23c5b82cd6045c5b469de6fac2d5386af7d062269f264f5e292fae927d50800803f046000599e6f82ddd939874b4998aa372625a80697ab7a92a5f3e6ce397374de693ed42bf2366fd6bea556bf3a7fe105ed9b7b004456c58aea25f6c003ee73e7542300000e046000599e35be4aa63572af96841392f4899c9d377bfba8da9c284939ea01f8c409f7638fa94bf3fbefe78fb5005171fcb8f63bc0fa0bad664dd51851b6378a500a00108308c000b23cdb45a759ea06af16747d6efc7a4a4bc5090951be037ced9afbf5d7d545f9dd77bb57ae54ed00226ef468f55a939a374f35468eed8d22940200c4200230802ccf76d169d4d4043df7265577e5c8a93e166d7c285acfc6d1fd08746aaabb6a55ef15f9b871aa1d4034c82beecd37d5cbed892722febb06b6378a500a00108308c000b23cdb45a7a724fd5a3ef6bc79e766cf84245eed43d19b1373e4489496e806e02e5dbce9b7552bd508207a0e1cf0febefd575fa9c608b1bd51845200801844000690e5d92e3a3d9f79f6f74bbf961bbffafd609d2d0347c6e4c9ee5ffc425d8857a8a0dd9b029009faf757afbbdb6e73af58a11a23c1fa2e11620100621001184096e773d1e9fc8ddfa4ead64f3e7bbe164b55b4ee006fd8e0fef5afd555f82bafb82f5f56ed00a22d25c59d37af7af53dfdb4f67bf811627ba308a500003188000c20cbb35e715afee29146cfb766a32dee4625001f3be67ef86175fdfdd043ee2347543b80ccb173a7f69d73fa6bb0654bd59861b6378a500a00108308c000b23cdb4567062b4364f99c39d595f73df7b8d7ae55ed003253e7ceea6578c71dee4d9b5463c658df252ce5e70f8f9b05008841046000599eeda23383957ea9a9ee0f3e5097dd521327aa760099ecc60df74b2fa957e22bafb86fde54ed19607ba3d04bfb4201fb1f1ef7160020061180016479d62bce8c57fab56fef4dbfeddaa94600b7c4c68ddaed5ffdf5d8ad9b6acc00db1b85b39cbf5201008841046000599ef58a33e315ba1d673648a90713277abff6f9fdf7f9da67e0d66bd64cbd24efb9c7bd7bb76a4c2fdb1b85a38c3f3c6e2900400c220003c8f2ac579c19afd025aeab2fa54dad5debbef75e75a99d336778a30088926bd7dcfffdaf7a61162890c17f96b2be4b38caf70f8f1b05008841046000599eeda2338315a21d6736d49e5f4c6ac7eef9dab73deb17d97fffbbf62dd00062c4f2e5da1f04d65f9e8306a9c674b1bd51782bf01f1e0700c4200230802ccf76d199c10a51e2bafa7a004e1c5a585d5efffad7eef5ebd56c0031e28b2fd42bf4befbdc870ea9c6f0d9de285439fff0b8a500003188000c0061336fffeab5e3b93f68bf00fce38f6a3680d871f1a2fbb1c754067efbed747f10da37dcaadff8f5fb87c7cd0200c42002300084cdbcfdab5762f757dd9d3aa9790062cd9c392a004b7dffbd6a0c9335d9865800801844000680f0d86effeab5e3341f7e066258b56a2a00ffe94fee93275563386ce136940200c42002300084c77afb573501887167ceb8efbf5f65e0f7de538de1b085db500a00108308c0001006dbed5fd50a20f62525a9002c35658a6a0c992ddc8652008018440006803024aef98a000c6455e5cbab00fcd043ee73e75463686ce136940200c420023010eb6c575454942a143b4eadb3a65f023090c51c3be6fec31f5406fef863d508008827046020d6d9721a15a50a45e2a4720460206bfbf65b1580a5162c508d0080b8410006629d2da75151aa34ed9890684bbf526a1e80ac2235d55dbcb80ac04f3ee9be7c59b50300e20301188875b69c4645a9d2b07c7962cf9cb6f42ba5e602c842f6ef77ffe6372a03d7afaf1a0100f181000cc43a5b4ea3a254c11c38e0feeb5fd5e5f2134f04fb23a253abbb0cd5a7aa363f8c6e963e3b1373e64cdc19ee2c00e9d2b7af7a45fff297ee55ab542300200e1080815867cb6954946af0a2f54316af1fb56cf3c435dbe76e4d5eb1f7f096c327f79f3a7ffae4e9cbb95fbf7ed7dddab5f27df7b9b76e554f8c930455339c6ad39ed4ea870459cf2c5b7fad2dcc5900d22725c59d278fcac0cf3ce3be7e5db50300b23b023010eb6c398d8a52f59cb3aad7dcd57de6ad19b070ddc0451bfa2d58d771dad286e3e7749b307b5cdf11b3ea375f57e6bdc333e75ebc7a3d2535553d37362aa93a18776e556ef576734c85390b40faedd8e1beeb2e95815bb7568d0080ec8e000cc43a9f9cb63931478ec4cdd696d02b7dcb3a974a52712e21c9d2e8a7a626b8aa27190f9312f485cca57676cea15a5c09538d45ace5b3f8e6ce396d9d9d2dbee5b3b86ff99f250158aac7ec556d7e5a5c6bf8e4523d47e569dd375fdb7edf8c9fdd7fe13a7daec4e3f1abb62ddb7de8e099f3576fdc54cf90859f0f295be2aaccd566a8ff585ab4094fa7306701c8908e1d5500bef34ef7e6cdaa313879f91982bd0c8d6e963ec67b4190591a5edf00105d046020d6f9e4b45b1f80253de6ecbcd9d31e30614a4937ed024f7590ccac0691dcab2daec557155cb524ecc8d2be8b7bb7c1e8ec6cd17baaf25ddca702ceea357775f3a40509837ec8d3ba5fd1f6036a0c1e3b64feb275c907a66fdad365c60a3d009bd57fc1da999bf7ec3971463d4976fa15aee72ad672b92cb48b5ccbf5ad3169ffaf9f263fb30064cc8d1bee175e501938470ef74d3fffaae54382aaf9e2d3a6cdd46a23af51cf2c5b7ff5fa0f344bc85cc1eb1b00a288000cc43a9f9c66043ff3fe678ece3bf559f616ad67f504fd2eab1e359d2d7eefa34a37d5e44989d6354a1fe3a11965d5523e25b36459899a2a67cab2d6ed34a703b4045b5c55b0cdb02f1eda2c77ff05eb3a4e5f9aab65df5a4327ec3d7e4a8efce5eb374f5dbc327b4b72e7e9cb6c0158af7ef3d7e8cf915fdecb5ddbd5acf762d79832fb84350b40c6ad5fefbefd769581bb77578d81047af1e9b9557bd70cf86a5553416669ff95e59d6f19008048220003b1ce27a7e9c14fcba87a84932c67bb1f6b6dd193a1a43ee3aea9e45ced66a9a545c54833131a8bdb126f5275154193aa9b513929c179ebd55a969ce97307d81bdaeddd7ccadbaeada8b311cbed41dd967ecd0a34ac94ff5912684bf518f54ab31e2bf7ec97c3bee9d089c18bd70f5cb86ec082b53d66afb4e65e6be9cf91a25d049b57ae722deb79a0fd57bfcc355ab47ec6e5aea7c172c11bc62c0091d1a4890ac0f7dce3deb347350620af430fcb6b505e92fa4bdc7cc1fabe6ef5c9b47fcd41b1f400004401011888753e39cd88a3f614ea6cf1865be30eaa961855f0f3de5355315218b1d9584a95ea6024c6f405604f678f9c0909d6dbb9d227ed04ab2d6b6c95777f2d89dadf66841d800b771c5c2a71e8a26dbb52525397ec3a28a1b7e3f4655d662cef316755ef79ab6db9d72cf52419b4706af05ed2ca05adcebcac355a3c0d96cb6711ea2c001122affffffc4765e08205dd81bee5ce87fe6af4bc16cd17b887f68a9516e3556a4cdaffebbf49637b08008830023010ebac214d05d4480560594ab51841d46f00ce9198640dccdee41928bbeae53f67aacd93696d7b828ce01380cd88ab6fb937c04b59f6dd526107e04f464c1ebd7ce3aee367e66cddd763eeaade73570f59bc61d0a2f51280bbce5ade6bce2a295bfa95524f12802c6de952f72f7ea132f09021aa312dea1fa89c89d5fb2f57c694d927c82c85000c00d1450006629d4f4ed3f3a7161d1dc1d54f8b1e2f037f04da8c8e5a12d63b1b8beb8dfabab4c46bb63bd718a8a4a7d1c15c91b954fa16f77307586bf186616f5916b797ff59fd17aeebbf605d8fd9abbacc58def6a7c55f8c9951aef798579af7fe5fe3ee5f8e993168e17aa9010bd7f75fb0b6cffc35bde7ad9184dc6bee6af52401c8eaead65501f877bf731f3eac1a6d249c7ad3a92458cf03edbf7aa8355ab47e9e16a3c1126a83ccd2391a000011450006629d4f4e537154bb11aa7fdcce7a6bd4a745eb99e697604914d41f569709ef827aa39954f5a869664e99f030571da07c72a6c454eb52e6439d27c1da72a9cf4373efccaceb1dc1bb2f81160f36b259bdb4bf81b4b2f7dc35ef0f18ff589dd6ffa8d7be60bb7e75864f2cd96de8a375dbbcd0a47b914e4365d6976366b69ebca8ebcce5da5f0c5eb04e3d4900b2ba8b17dd8f3eaa3270c992813e08ade55683ba952b24b4eacce86ab4781a64216fdf60b334046000882e023010eb6c392dd432832b155af598b5a2cf5ced777ddb4d59346dfdb67d274e1f3b77f1d2b5eb074f9ffb7ec99ae6e3a7bfdf7774de36bdff53bfd393f5dafffbeb4eaf34eff566d7e1ea4902900dcc9ead02b0d4b871d2b0e3cc067d0e0020db200003b1ce96d3422d027098d573eeaa3ef3d624ce5a3168d1fa1317afec3a767adcaaad5337ee5e957ce4d0d98b672e5d3977f9eaf92b57f79f3ab370dbee41f396d61f33b950fbfeea4902903d2424a800fce73fbb4f9d4a5c575fb50300b20b023010eb6c398d8a5299df6bd563ceaaa13f6fe8336f759799cbbbcc58d179e68aeeb357f69bb766f4f2cdd336ee5eb1f748f2c973a72e6a7978e18e03ea4902903d9c39e3fedbdff40cbce3eb0ab5e71753ed0080ec82000cc43a5b4ea3a254660096ea364b0bbde6c31eb357769fb5b2ebcc159da62f934a9cbd62f0e2f523976c9284ac9e2400d9c6c4897a004eecfe2a011800b21f023010eb6c398d8a5299713750f59ab3aacfbcd50316aced3b6f4dbba94b6a8e9a9ebbcbc83f37ec7177fd6ebff8b253f14113d4130620ab2b5b76c7737f90f44b000680ec87000cc43a5b4ea3a254b6b86b566fcfef06f7939abfa6d7dcd56da72ea931726ae1eedffdb7d580bf37eefd40e35ef735ec2101b8180118c8368e1e4decfd1a011800b225023010eb7c725a46beda2a7dcbfa5fcaff5f12f22d9f3eb63f83a4ff2d62c5f81bbfbee5b3b8f96790cccece16a3c21bd9ac1e96d0dbcb937b7bcf5d2dd573f6cace3396b7fa69f1d7e3e6561b3ee5adde63737418f64cab814fb51af0cf16fd1e6cd2fbb70460207bd97166839e7e09c00090fd10808158e793d36222004b8014c103b06f1ff36f086be93467e7cd9ef8aad2a996571d7f52d87771ef36189d9d2d7a4f3d18873eb2a5facc5b2371b7d79cd5dd67afec3a6b79c7e9cb5afff4739389f3eb8d9d5d63e4d44a83934af61e57b8ebe83c9d47e4ee34e29576439f6d3df01f0460203b4a5c57df0cc066f18dd000903d10808158e793d38ce067deffccd179a73ecbdea2f5ac9ea0df0bd503a1b3c5ef7d54e9a69a3c29d1ba46ad8fa44a69f77f13d5287b1f59d6ba9de6748096608bab32b6cad3594bd43e738d4a73646b0d5fb271c08275bde6aeee326379eb29127d17d61b3be7d35133aa8d98fafea0a4b2fd7f78a7cfb8623dbe2fd86dd4eb9d46be4c0006b229ebed5f5bf1678101201b200003b1ce27a7e9c14fcba87a84932ce7897ffe5bf46428a9cfb86b2a3957bb236a695131d2cc84c6e29ef4a8255ebd4f5275df24e93f43fa96a58fcf1d606f68b777f3296f7b52822ba1b311cbed413d60fa0d65646b8d5cba69e0422d006b1f789ef273e31f16d61b37f7b3ef66d61c39adf290c915064e2add777c71023090ddf9bdfdab5756bf096c7bd3a3a25400621c011888753eff6735e2a89903b5702851d6d9e20db7c68d502d31aae0e7bd35aa62a491242d4ba9521d6c893150b6b4964f1fe3778073262458efca4a9f4009d6bbb8b6acb155defdb5246a4faab75548235b6b842500eb7780bf2200037126c8ed5fbdb2f44d60db9b1e15a50210e308c040acf3f93fab1e502315806529d562c445bf0138476292fdb3c4fe33a46ff9efa3364fa6b5ed09e9fead771163cbbd015ecab2efaa421ed95a190cc085fa8f554f18802c2bc8ed5fbdb2f44d60db9b1e15a50210e308c040acf3f93fab1e50b580e708ae7e5af41018f823d06674d492b0ded9585c6fd4d7a545624bbb5a8b9f0ce95b963ee68accedf46e70a0f2b7b89f3bc05a8b4f380f6b644ba53b00dfd7b087ab6efb0adf4e564f1880ac29cddbbf7a65dd9bc0b6373d2a4a0520c611808158e7f37f561547b51ba1fa478aadb7467d5ab49e697e09964441fd617599f02ea8379a49558f9a96cc197600f6c4549dbe16f3a1ce93606d63fa3c34f7ceccbade11bcfba2f50f7764b3d217801f6ad2e79e0689ae3aed666cdfab9e300059539ab77ff5caba37816d6f7a54940a408c230003b1cef67fd650cb0cae5468958e00fcaf96fdffd2b0a7a4df2ae3665cbf99a29e3000d9cfba75eedb6f77bb5c5af5eca91ab31adb9b1e15a50210e308c040acb3fd9f35d4220087596105e057db6b01f8afdf74bfb75ed74f26cc3a73854b1e20bb6bd44805e07bef75efcd929ff8b0bde951512a00318e000cc43adbff59a928558801b850e2a8dc1d47fcb7c58007bfe9f142fb2113d76fbf72fd867aaa00646357aeb8fff52f95810b1776a7a6aaf6acc3e74d2f23ff489abe659d4b2555d77f57c5fc5d9e00e5f37b2bb65fa8d1bfd54231be2dc2b7fcff428dd9d9d9626ff7f0f9b20955fe7fa106408c230003b1cef67f562a4a15240057f104e0527dc617ea3afae5b6439e6f3da858af31a3966f3a71f1b27a9200c4839f7fbe71d75d577ef3dbb30f3cb47fccf8cd874facd87b78feb67d49eb768c5ebe79c8e2f58317a992e951cb364f5cb37deed664e9b3e5f0c9fda7ce9fbe74e5f2f51bb7f0d7257cdef46e7d0096f4687e65a39f18699474134607efb75148eed516d762aa0aae7eff2a9eefe2de6db07c3da4ad45ef692dff5be83bb2a500c438023010eb6cff67a5a254b600dc78e2827a63e7d41e3da3eab09fcaf69ff856ef716ff51a5b61c0c48e3396aede77e4d8f94b576f70e317881797ae5d3f7aeee2c683c7e70e1e3d2171e0e071337acd5ed173ceaa4025ef247de6ad19b070ddc0451bfa2d58d771dad286e3e7749bb16cdcea6db3b6ec5db7ffd8e133172e5ebd9e92b9b7917ddef48ce0e7fc8a417b8bd633cdaf54f4771f55cb8d3a4f4ab4ae51fa180fcd28ab96f2299925cb7a6fb4cab2d6edb4dd9575b4045b5c55089b9164f9537c46d947b6168018470006629dedffac54946ae8cf1bface5fd36dd6cab6539634fd7151c31fe67f3d6eee9763673799b4a0effcd53337efd97dfc8c5c04df942bd62cf8d14700e970e3668ae4de957b8f4c5cbbe3ffd9bb0fb826eefe0fe0b1dad6b6cff3af7dbab77658db6a6b6d6b6bd5da69abb5ad7bd6ba71ef8913f702dcb24190255344900d2a02b297ecbd978a808a40e0ffbddc25249710020222f9bc5f9fd2cbe5ee7e490cc97db80c83cb51bc96ab3cc77dc2f75e0c5c62ee3afe84d5883d7a3feed3d774f031b812cd9e4bf5d8213c29243d3fef7645756d1d375e3b9379d0638b1fd351d90a475d8e773c567a0edb0ca9f5898f9a52cf653aa1d41cae464a3aa178755ee375d1e02aa8fcf7db89a61545aa67ca1c01e6bd2c596a319934ce6706d216d7727e5157dc7ea5ae9a7c148f08009d1c0a30406727f3ccaaec99b8b9b46e5dfe5acc3e0747b2f7a038327b061df6ae2d8adc58bc28de65094ecb0fc9c8a3fdd1f0ecc2b8fc12aabbc577ee5656d7d40a99cacbf45eee1f0400d40255d3c0d43cebd004d36b71a68171865762f4fc234ffa4588ca6dd87171d13de9c74d884f4650b45c2ecf33761ab147fff703860b4dec4c0342a2b3723de233743cf9c78da9577bddc8c828bd4d0f32dcc0ed46e6418f7d6c976fa1f273a49e05b823a83447fc28da784c9599c912d766de330eb780f8e1b77505b8f111febb79f3a40fe7d2324d3458a9d59975c597aaf1fa7273c4659e5b8b0b2d265bb3a5a3f8d904003a39146080ce4ee699557e9742f5b46e5dd9b5b83fe433d38af715c4a1dd0222b5a3d3b887c1eca334b71dd9d51b2f837861f939ec9294c69d2a85bb26b25b960a0000ebee839ab0ac42ab9084a51617ff3e6a39c7c479adade71ed7c0537e91c65763cdaec59f098a37b91a4b7dd8e072b44960dc69ff48491fa6099a79c82378e82ebd25668e9925376983f76aea6e56ddf749c8d2f60891545fe9e807445e4ece29bfd7be8f44320f7aeca3a87c0b959f23f52cd06401a6b5b839f418db74011e72d445ba30373e8c37d55dd9287c30175f3c9a662e8f922d34aedeb88af89273979f5d52eaba8ba3786871149f0b009d1c0a30406727f3cc2ade63600aa488e4999b3f8759b21ddeb5c52e238acc7e834c686f86d66ddc33905e527e2db939ca56e722be544af79ce4774df85b960e0000a9b8ffc03d365dd7ebfa94d3b663b44de61bd98d3d62f6c35ebdef769d1ea275eae70326e34fd8cc37bbb0d9c1f79877d87ef76b138e5befbb784d3f80798134d37e4513e38f5b7db3e37858460e6d303ebfd42430c6e84ab4e1e5a8e33e6192d22b1ffbf0c4d2cabbecc5680f320f7aeca328f380cf3e1ed203a3b8b82a98c33eccd243a8b812732fb111cf915447a609b30b8b576767b263318fdb92f9f22336155a52bc806420c95aad5b5dbaf073cf26cc9ca69f6b14466acb5201804e0e0518a0b3937966659f8c1b9fefe57720a4e7b03b194defb2b05be3d6925d5d543b991d057619c9bbb61aa3f8895f2a520b34ee613043cb6eaaa9ed34ce6776535af8ae2de6c27357563e8a470400a8aeadf388cfd00b889a6f7a7ee209cbc8cc3ca1b02eefd6edf08c9c4b3189467ec1dbed2fcd33b21ba363327ccfe9af771cff56ebe48c5396b30ced4ff933af7ca615753daf8f3c6432fea8d9d5a434617d7d505a1e95de431e213a9ed7a91ed362bcd2cb0b75e0caea07dca5696b320f7ae2c77ff6d152fa01933f8759b2d93fa7d2e32a7b5283261a576467b20fb9e2111b9f116842a489c76a49641eb4e919417a2dc94996e8f985f7202f735272ed24cf448d5b68bc2ee2e5a50a33ff2c0527b900402787020cd0d9c93cb3b23b10524fc94c39a49d00f939925d0dd1f33df34ccfec8b704fd5dc1c7683dc33bfb8368bd7e2c22dc07b8ea7677dc5cd532a327b06e23d8c0e7ad7161b6e61fe7cecb2008062c945374f8a8ae8de8b81fa97237c12b32f27e7c6e695e6dfaeba2ffea8aa8a7bf7334b6e86a6673b85c578c6261695571c70f55b6c7141ff72f469ffc883ee414b2d5cadafc7a595dcf64dcc3eee177eca2fc23430d6f86a0c15605defebb47d7688a6129155c80ed4e6780f7aaa46fe7901511a00e8e45080013a3b9967567647a4ad0a30adc5cd111751f91d1dd19cc6776db1739a6fbf14c53db3b19436b31d99022ce9b1ec256f2cf014a9ebce8bcc628d515e80dd35041aeedc344b7e0e00744dd752f38e7933af52d60f88d20b88d2f60cd1f6bc7e849913617c25da3ae4867b6cfad594bc6b6939d53535ec2ac51577dde352373bf8e805449ef2a7061b617025dae072f4719f701dcfebfb2e06aeb1f59c72caf61bad535f6c3db6d6d6d3f84a0cc5f04a8cc1e5a8d3cc2a91d490d9cfd6a21cf309bb1497ce6eb9cdf11ef4548dfcf302a23400d0c9a10003747632cfacec8e08531de58aab82396cbd6cfa25d092eac834617661f1eaec4c762c66d7477ea06623d533250349566f7e3b8a56972efce21d329a23d372e517969cc5456acb5211a1ae4ba4ebaefc1c00e8b242330a8e78357e50f371d1073e1ff50ea399ba5ea1cccb987dc2b73af9cf3038671d12e79b987536384e3f20921a2ff339583e61d47ba9369f14ad75ca2f72a6a1c37b2bf6f45d77e097fdfa2bcc9dc71e31ebb36aef97db8efd76d88cce5a6bebb5c7f5aaaed775e61b83c52b9ef009778e4ae12e4d5be33de821ed1400e8e45080013a3b996756ae8e32c736995e26f5d629fe1c66c9b67fd796bee4bd52228a8eaf4a22d333a98bb2d851242759a2edf07aa9cc49c9b5938cd8b885c6ebc22d2f394bbcb0b22d4bd2d0907af43b2abad2c77be5e7004057e6119f71c823e4947fa4a403cb47c733e49047f0116fa612d34ffd80e83d17af8dd867386093ee4ffb8d169fb970dc3bf4b4e888ee7eb7ab976292b24b6f15dfa9bafba026efd69d7341915a0e1e33f5ac7fd87bea938d873f5c77e0e30d87bfd13a3946d77cb9a51bb5df537e117bbd82b94bd3d6780f7a483b05003a39146080ce8ef7ccaa6a24c515512d62f275170518405d585f8f5f6ee3a91f10454554baf4f2725af4054886cc7720c56e76f4fb6afb893906b6fb5dbc271d37ffc7c0ee841fb3c051ef50e3ab31a555f7d38a6fd98727bac7a5876715e69757ddbe7bffcebdea8afbd539376f5f494a37f60fde68ebfaeb018369a76d8c2f4769d87a8e3573e62e4d5be33de821ed1400e8e45080013a3bde33abaa41016e61c4508001d4d7d990d8df8fdaec70b972da3fa2a94f6ca66e7cc42b74a7cb155dafebcb2cddfa6beaec75f1a1756bea84fe49d9c7a596a469b36bb1b4291dafeb3a9ea1da5ea1c77cc2f4fd23adafdfb814971e9a59985576e76615d387afa4e41a5e8e5a69eff3e2e6e3bfe8dbb117a6cdf11ef490760a00747228c0009d1def991569a788a10003a82fcbeb713f6a9f9d61e4b2d929e0a87798e8e3a91a0b2ddb690d2f471f740f1abe47efe3f507076e3962e4cfbc62b9b4e2ae5344b28e5728ef9b7e8f7833a5577292ce3de61da6eb157ad8238472d427d42430e66c503c35e4e9662e2f6d3f295879e00f6307f6c2b4399907bd87f92369ebd655bc96e2f7a4c8466619de1b6ad84fb5e0883f00423632ab4bde502359587e8e244ace12a5a937d40040a786020cd0d9f19e5991768a180a3080faa202fc8baed554c3f3f3cd2f6e72f03fec719d2dae5462a9bb4a8eeeeaf9471af95fd7b273f38d673eb0eade839a35561735cc2ed062ca5f3bcde624f322ea08c3cb51b49dfdee418bac3c86eb9c7d65f3f167361ee9b6f6f01fc68eec856973320f7a9da200538124ca0bb0ec328d9f8048bd97f96846a6a372ed54e1b7e2c9aede7819a43e1e9237875d52e1c292b3983479e101a093430106e8ec78cfac483b450c0518407db10578ba918b8685db2a5bef1d2e5775bd42f50322a9a952713de2c31cbcddef1e4cd3e5f71ed0f2c2fa86ccb23b9ef1191a66e737d8799d90fa4223f99c12bd37589f1210498bed730f5a78d67de4319b4f771bbeb3f5d49b5b4f3ebff93815e0d11d5b80e53f62903f8759b2d98f545474b09416e366895aa2f488cc32d42a69bee283a8e2f097a175a52fa764ba8939ca56e722be54a285c55f82d0ec594a2f3c00747228c0009d1def991569a70000880bf0790d0bf735e77cb45caeea785e37ba126d753dc13e22c92122c9fa7a8269602cf561e7c814f7d8f4b3c171c77dc30f5c0aa666ab1710c53b504c3929eabda7fc229823c33e61da9ed7775f0cdc60efb7c0dcedaf5376430e9ef96cb751ffdd861fedd47f6bdba9ffebf802cc7454b6c25197e37dd79df41cb6fe51eb131f35a59ecb1c11959ac37545492714af2e69bcec322e1ab215547187948dd4323247801b4b3b7f319934ce77992798a72daee5fca2ceabb8cd9dc544f18800d0c9a100037476bc6756a49d0200a0b0001b5e89b60d4bf28ccf084ecf8fcd2b4929ba95515a1e915de4119f611f9e681972c32238ce2c30d6e86a34fbaa662ac3cc9b877d23a80feb7a5f3fe411b2e7e2b56dce01ebec7c169e759f61e232f694fd485deb11da16c30f5b7cb3dfecf33d467d1f550196ffe274f9398de5567c0495a9855cf16b3ca6ca7545715d945a8b0bb700af31b6b00037be07f8bb79f3a40fe7d232cdd754665df1a56abcbe528d5ad4eac551721617146080c7120a3000000000a3a9026c139ae81e9b1e94969f5070b3f8ce5da1b0a146282cadbc9f5976e74641597856d195941ccff84c97e854dbb004f3a038c3cbd127fd2268dd3d6e547dafacb3f35d6ee5b9c0c27da6b1cb6403a771a7ed471f3ff7cb11abef0f9f1ddc350a30adc5cd111751850578c85117fe8b90157748d9285e86bb7834cd5c9ea6da2f45a6004b7a2c7bc91b0b3c45eaba4b165078963828c0008f2514600000000086f2027c2d352f2eaf34f756e5bd07b5f76aeb4a2aef6597dd492abc199d5b1c9291ef9798ed1e97ee10997c3638dee80a538099173cbb5ddbea74659dbddf4a1baf45672fcd36759d66747e829ec31f9da400375659a9e2aa600e5b2f9b7e09b4a41f324d985d58bc3a3b931d8ba9c452f3b951147448d9482d23194872391b2f705351b4ba8223c0cc1c9972aee42c2e8a2f3c00747228c0000000000cd50bf0dd9adaa28abb19a5e537f2cb22b28baea5e5f924645d8c4db38f48b2902ac0ec11e0f59db6008b8e73b22f29963e342a338759b2d90fc1a22ac89ed4a089c615d99992a6caf649a962d9e2022ceaa22c7614c94996a8a6f2b629735272ed2485b6710b8dd7855b5ec9598a4e7201804e0e051800000080611e12fbc80bf0af0676dca5696bbc9ea66a24c515512d00d0c9a10003c0e329f5a8f83b3718dcf714c9cee47d7b91bb86e0bba3a9dc09c22c2c994127a4a76537c03b53662bd2f08549008f37fb88c41f752c67183f9a02fcfce6e3825507a659ba7297a6adf17a9aaa41016e6100a09343010680c7934c1115775b8533597496c651faafb1a0d21c051d97992b5e4dd166a5a765d0c28d9b0380c751d6cdf2d1c7cf4dd2775c78b6a30bf0dbdb4e3fbbe9a860c57ecfe44ceed2b4355e4f43da2900d0c9a10003c0e349a688ba6bb0d3b2ed54fa802c3b4de7373654d1c247796bca6e2135d53d9537537601319a4b1b961e10001e3ff5f50d76e109634e9c9b6de6baceaee30a70bf5d06af6e3e41ed778ebd674d9d90bb346d8dd7d390760a00747228c000f078a2cac91c7115638ba74c3b151fbfe5a6454bc85759b6ba4ace50d861e94c6e1891c621785080011e7bd43fed2312679a5ca0bebac3e5aa6e3b17e06f0f3005f835cd63cfadd35deae87dfb7e3bf6275e4f43da2900d0c9a10003c0e349baca4abaae6c53959c2fbd6c63496decbcf4bfc6138a0bb0c26df1a100037405c2fafa8482d2bd6e41ebed7cf75ebc6670b95d0af0af47ad861fb2f874a7e15b9ac7bf3c60ea1c937cbfa696bb04ed83d7d390760a00747228c000f078922da25cf56c9c29aec4dcb42cf61cc9c234c1bc3d58744261bf959e299e6edc6863e7450106e822ea1b1a6e55dd8fc92d310d8c39e51f691e14ef1a9316989a17ff7005788ea8008f3fedf0abaef5e07da683f6188f3e696b753dbeb4ea1e37707b92e9690ff3d156ad5b97bf16f31dc21cf177f33611996f1be27d0d920adb51fc35489285e5e7482237162ff81a2480c7120a30003c9e649aaab879f29a2a3b935f4bc50b492d2c6ab3ec096635e9d9cc346fb392693e1460802e45585f4f5db7b8e26e4476a14f6276604a6e6c6e49cecd8abbd52d28c05b9d2fafb3f35d66ed39f7ccc5c906ce7f9db2ffeba4dd3443e7439ec1b459da78756dfb1ef89590e9698fba0033b5932b9c4c836da26152a8641271cf6cfc0e615aeb3bed1bcd6e4776f5c6cb205e587e0ebb24456eacc6b398c86e592a00d0c9a10003c0e38929aa8db8de29db4e45fd75cb16e94f7e66b14595576b151d31e666f196941a42160a3040d7545f5f5f2714de7d5073abeafeadbbd5f76bea689aba6b7a69795c5e695866c1d5941ccff80c97e814dbb004b36bb17a019147bcc3f6b9056dbf7075b353c0067bbfb5763edbce5fd60b88f0ba91915e729b56afa37a5d5fcf0dd021647a9ab8f8498e7f0ed14e65cfe2cf6196d498c71e6565aba6fc1c85c75169316e96a8254a8f285946149a23195d36d43c69ddc603add24bcaaf253747d9ea5cc4974abee52a1d8bbf65e900402787020c000000a0124961a5096ab0d484efdcab2ea9bc9773ab22a5f8565c5ec9f5cc82e0b4fc908cbc90f4fcf0ecc2b8fc12aabbc577ee5656d7d40a99cacbf45e6e1b1d4da6a7b1c58fe9a86c85a32e27aa7f8ae7b0cd905a9ff8a829f7aa60a9395c8d947442f1eaa2f6c8345e7619170d7e056da2464a456a0199a3b28da59dbf984c1ae7bbcc13ccd316d7727e519769bf4c948dc546f18800d0c9a10003000000747d323d4d5c47253d9029875465e5e734965bf18150a63172c5aff1d0285723c54d526a2d2edc02bcc6481d52ae79f223d333c5efcbfd6ede3ce9a3b24ab6235380c59d56eafa4ab55c51ab6f4c13634982020cf058420106000000e8fa647a1a5b50dbaa00d35adc1c7111555880871c75917e2d31b39d66db2f4571cfe42e1e4d37b31d99022ca9b8ec256f2cf014a9ebce8bf48a52410106782ca10003000000747d323d8d2da84c75942bae0ae6b0f5b2e997404baa23d384d985c5abb333d9b1984a2c3f50b391ea99928124ab37bf1d45ab4b177e7151a7398d65587ae1268790dab25400a093430106000000e8fa647a1a57479903a1eccb7c254738f97398259bfd102caa82ec490d9a685c919d2969aa6cd514754e7d6e058e4cf3e447a667524d65b1a3484eb244dbe1f5529993926b2719b1710b8dd7855b9e3796f22d4b02009d1c0a30000000808a988f8ce7883ff4bd7196ccc7c0cb7f2cfc23fea0785e4f533592e28aa81600e8e450800100000054c2745daec38a271bbf1a4dea4ceedbd4a4ebaefc9c8ec6eb69aa0605b88501804e0e0518000000a0c5b8e62b5380d9299aa0a22b7dbc577ece23c0eb69483b05003a3914600000008096926ab3546f99a3bb5c0f1693afbb28c06a1100e8e45080010000005a84aaacb8ee364e323d58aae0a200ab6900a0934301060000005019d3731b0ff6d2a9c613320d1705584d03009d1c0a30000000806a78477909b55af983c10c1460350d00747228c0000000002aa10a2b8dadbb8d3365ea6da72bc00000405080010000000000402da000030000000000805a400106000000000000b580020c0000000000006a010518000000000000d4020a30000000000000a80514600000005063cc57fb36e2bea7487626efdb8bdc65beef975d5832834e484fcb6e8077a6cc56588dabe02b930000da030a30000000a83199222aeeb60a67b2e82c8da3f45f633d654b2bbfe33273c5ab29daacf4b418b34ee37650810100da1e0a30000000a8319922eaaec14ecbb653eaaf922eca4ed3f98ded54b4f051de9ab25b484d754fe5cd945d405e73e70300406ba000030000801aa3a2c9bee498c5f65a99f6297d0458dc85e5ab2cfd64ce119f215d9a25e84c6e1891c621e4295c1f00001e160a30000000a831e92a2be9bab24d5572bef4b28d0db5b1f3d2ff1a4f282ec00ab7c527be180000d0d65080010000408dc91651aeb736ce94eea2342d8b3d47b2304d306f0f169d50d86fa5678aa71b37ca16669a8ff60b00d06e5080010000408dc93455aefff29b2a3b537ca6987821a985456d963dc1ac263d9b99e66d56322dc1ac2433060000b42d146000000050634ce76cc4b54fd9762aeaaf5bb6487ff2338badc4bc5adb78fc56548745b859bc25a5866035ae2022773e00003c2c1460000000000000500b28c0000000000000a0165080010000000000402da000030000000000805a400106000000000000b580020c0000000000006a010518000000000000d4020a30000000000000a8051460000000000000500b28c0000000000000a0165080010000000000402da000030000000000805a400106000000000000b580020c0000000000006a010518000000000000d4020a30000000000000a8051460000000000000500b28c0000000000000a0165080010000000000402da000030000000000805a400106000000000000b580020c0000000000006a010518000000000000d4020a30000000000000a8051460000000000000500b28c0000000000000a0165080010000000000402da000030000000000805a400106000000000000b580020c0000000000006a010518000000000000d4020a30000000000000a8051460000000000000500b28c0000000000000a0165080010000000000402da000030000000000805a400106000000000000b580020c0000000000006a010518000000000000d4020a30000000000000a8051460000000000000500b28c0000000000000a0165080010000000000402da000030000000000805a400106000000000000b580020c0000000000006a010518000000000000d4020a30000000000000a8051460000000000000500b28c0000000000000a0165080010000000000402da000030000000000805a400106000000000000b580020c0000000000006a010518000000000000d4020a30000000000000a8051460000000000000500b28c0000000000000a0165080010000000000402da000030000000000805a400106000000000000b580020c0000000000006a010518000000000000d4020a30000000000000a8051460000000000000500b28c0000000000000a0165080010000000000402da000030000000000805a400106000000000000b580020c0000000000006a010518000000000000d4020a30000000000000a8051460000000000000500b28c0000000000000a0165080010000000000402da000030000000000805a400106000000000000b580020c0000000000006a010518000000000000d4020a30000000000000a8051460000000000000500b28c0000000000000a0165080010000000000402da000030000000000805a400106000000000000b580020c0000000000006a010518000000000000d4020a30000000000000a8051460000000000000500b28c0000000000000a0165080010000000000402da000030000000000805a400106000000000000b580020c0000000000006a010518000000000000d4020a30000000000000a8051460000000000000500b28c0000000000000a0165080010000000000402da000030000000000805a400106000000000000b580020c0000000000006a010518000000000000d4020a30000000000000a8051460000000000000500b28c0000000000000a0165080010000000000402da000030000000000805a400106000000000000b580020c0000000000006a010518000000000000d4020a30000000000000a8051460000000000000500b28c0000000000000a0165080010000000000402da000030000000000805a400106000000000000b580020c0000000000006a010518000000000000d4020a30000000000000a8051460000000000000500b28c0000000000000a0165080010000000000402da000030000000000805a400106000000000000b580020c0000000000006a010518000000000000d4020a30000000000000a8051460000000000000500b28c0000000000000a0165080010000000000402da000030000000000805a400106000000000000b580020c0000000000006a010518000000000000d4020a30000000000000a8051460000000000000500b28c0000000000000a0165080010000000000402da000030000000000805a400106000000000000b580020c0000000000006a010518000000000000d4020a30000000000000a8051460000000000000500b28c0000000000000a0165080010000000000402da000030000000000805a400106000000000000b580020c0000000000006a010518000000000000d4020a30000000000000a8051460000000000000500b28c0000000000000a0165080010000000000402da000030000000000805a400106000000000000b580020c0000000000006a010518000000000000d4020a30000000000000a8051460000000000000500b28c0000000000000a0165080010000000000402da000030000000000805a400106000000000000b580020c0000000000006a010518000000000000d4020a30000000000000a8051460000000000000500b28c0000000000000a0165080010000000000402da000030000000000805a400106000000000000b580020c0000000000006a010518000000000000d4020a30000000000000a8051460000000000000500b28c0000000000000a0165080010000000000402da000030000000000805a400106000000000000b580020c0000000000006a010518000000000000d4020a30000000000000a8051460000000000000500b28c0000000000000a0165080010000000000402da000030000000000805a400106000000000000b580020c0000000000006a010518000000000000d4020a30000000000000a8051460000000000000500b28c0000000000000a0165080010000000000402da000030000000000805a400106000000000000b580020c0000000000006a010518000000000000d4020a30000000000000a8051460000000000000500b28c0000000000000a0165080010000000000402da000030000000000805a400106000000000000b580020c0000000000006a010518000000000000d4020a30000000000000a8051460000000000000500b28c0000000000000a0165080010000000000402da000030000000000805a400106000000000000b580020c0000000000006a010518000000000000d4020a30000000000000a8051460000000000000500b28c0000000000000a0165080010000000000402da000030000000000805a400106000000000000b580020c0000000000006a010518000000000000d4020a30000000000000a8051460000000000000500b28c0000000000000a0165080010000000000402da000030000000000805ae01560aab87715a9acac440106000000000080c718af0053d71d3870e08722fdfaf51b366c98868686b6b636cd470106000000000080c798c223c093264d9a356b96a6a6a6959595bfbf3f8e00030000000000c0634ffe3dc06c075ebf7efdb973e7c2c3c3d9f68bf700030000000000c0e38d2dc0454545b76edd623fec8a50e3a5deebe0e02069bf0405180000000000001e636c012e2d2dbd7dfb36555c89aaaaaa7bf7eed14feeb4a8fd5219460106000000000080c7125b806fddbac5565c25a8fda200030000000000c0e38a2dc0e5e5e55ccd15a3aecbfee4410106000000000080c7125b80e5bb6e555515fb930705180000000000001e4b6c01e6daad0a5080010000000000e0b1c41660aab5aa5356806973000000000000009d10fb1547aaa396abac006728922e969d9d7df5ea552b2bab9322a7a4c8cf01006835f62145821e76e8c1871e8200000000a0abca5101d76b55462d575901e6b6da84fcfc7cda0dcdcbcbab12bdc31800a063d0e30f3df8d0431000000000745505b28a8a8a4a4a4a6edebc493db6a2a2827d432f5b6b55472d5759012e54841bbfa080c63b7dfaf4ddbb772b2b99025c51d1983b772ad8af1a46100479f8b00f2994f2f23bb718b70d0c0c98f77000000000405751aa489918555fda0ba412cb7ee673bb14e0e2e262f63b85e9274df3d025d0d3d3abaaa2024cbba777b84d02348deeab7487a1289ce01602681a55df9212e601d0c8c8881e8200000000a0aba212ca1ee9a59fcc0190dbb7696f908a673b1660b6fd4e9a34897e72ad570a5d262ac034b4e898cc6dda254510e5a1fbead0efbed358b08037b16be74e9ae02d8c20f2a1f65b58544c0f7628c0000000005d1bb5516ab903070e643b70471460da7a9f3e7d366edca8b40057deba5d2eda312d4510e5a1bbebbcb973cdcf9ce14d9c7776a609dec208221f2abff9058528c0000000005d1e5b803ffcf0c3499326b11d981a6cfb16e077de7967d4a8512626264a0a308d4e978dd9312d2a4610e5a1fbdca68d1b5d5c5c78137e7e7e34c15b1841e45350509897974f8f3f28c0000000005d9ba400cf9a356bfdfaf5a20f9f62de7bdb8e05f8ebafbfd6d4d47472725252808b8b4bb2b2b25352d2121292104479a8bab0bd973741059826780b23887ce2e313a2a263935352508001000000ba36b600f7ebd78f3ae9b973e71c1c1ca803b76f019e316386b6b6f6a54b979414e0a2a2e2f4f4ccc4c4e4d8d81b08a23cd9d9b96cefe54d5001a609dec208229fe8e8b8f0f0487ac0410106000000e8dad8023c6cd8302b2babf0f0f08e38024c5bdfb76f9fbfbfbf92025c58589492921617971019198320ca93919175ece8515f5f5fde447070304df0164610f9848547858484252424a20003000000746d6c01d6d0d0a0424a131df11e601a92067077775752800b0a0a131353a2a262434323104479d2d232ce3b3b878686f2266262626882b73082c887da6f6060707c7c020a3000000040d7c616606d6d6db6fd76c4a74053cb653b30fd644baf34ba4c54807372f3222363ae5dbb4e7ba508a23c5151b14949a9148513bc8511443e57ae04f9fb5f8d8d8b470106000000e8daa88452d765db2f4d77500156822e1315e0b4b48c8080403fbfcb3ebe01088220ed189f006f6f7f2f2fbf989858146000000080ae8d4aafb48e28c0658a948ad125b0b7b70f0d0d8b8e8e8b88880e0f8f441004e980040585585858d0431000000000a809aaaf92f6db5e0598ebda4da0f5a3a2a29c9c9c4c01003a90a5a5a5a7a727fb2806000000005d03f55be5a4db6fbb1460da220040a7c5bd1f03000000001e7fdc1e5e4b70cdb5259415603a0f41100441100441100441ba4cb8be2b47d0c32c194110044110044110a473e68d33b1c3d71ef875cabfefbef7fe73fff98fa0cb79eec557fef7c1a72fff3ab5c7bf5a3d8e05f3ae7eb3e96599ba2cb8d834a53ced4e4d658d90eb795d5ae1bddae89bd52629e54b838b5fb749e7dd206cb845e5a000b73ecf9aa7f0e63cc274aa0b83200882200882200f9f97add2b42e274f9e3275c99225972f5f4e4d4dadacace47a4c17525858181515e5ebebfbef8285fd7ff8add7bc9dbcdb4149deb049b3cda8d04bbcfd837bce478e195486790b74c9bc659bfea54bd6af1eb9fa89b72fe654520de62d40e16e5c3928c02d481bfe7145953f5a284fa7ba3008822008822008d2b6f9ca256bdfd193afbcf24a565616b7dbaa1ee62f5cf4eed7c39f3c15c6bb41e4437befc5f7ebdeb7cfe0cd57b7500df62db8fb92954cf9e76e4d3928c0aaa66dffb8a2ca1f2d94a4535d180441100441100469db8cb08f7be38d37172f5eccb59686868a8a0a1f1f9feddbb5c68d9bf0fdf73f5068824ed24c3a8b5ba8aba02bd5e3c9a79ed964cebb592479c52a35ff6e2dedbdf3e6ab6d467ae43e10d653a391cce16e4a3928c02aa5057f5c314dfabffd6efdc6cce4cf571a857fb4682aedfd979e165d180441100441100469db7ce498f1fa1b6f1c3e7c986d2c42a1d0d7d777faf47f860c19aa3074969f9f1f2dc62edf35787878bcddf79327e56e1c36d47e378695f066527a9e0eebbd786f9f457b28344127790b74e18cf6ca8bbf552d39c9dd8e7250809b498bfeb8f2a4f18dd7571cf9fcbb9fbffc6a08efac6623ff470bf974d85f7a54b93008822008822008d2e6a1cab7eee031c9b1dfeaea07274e9cfcfefb1f78a597175a8016a385d9b5ba86050b16fcb6458777fb5096061737d5085ed5f194be59e8246f81ae1de3e4f285d78ad869ee46948302dc4c9afae38a7c9e3d72e5c3f11a83be1e4aed97f2e6e2432f6f307af6e8156ac5bc259b0aef8f16f251fdc23c7c9abd3008822008822008d2e6f9c331e695575e61bb8a5028a45a2bdde8948716ee62c7815ff8dfff5e370e97be7ddeb0492bbe5f273da78749c2ab5bcd5fd4bb3efd7cf4e2ed07a46f90c5dbf6d3cce7cfaad1c7e5deacae7bc53a8d26b85b500e0ab0b228f9e38a7cde99b763d060aefd5206897e7e317858dfb1f35ed8e9c85bb8a948ffd18297165d983689920b83200882200882206d1ffda89fc64e927cea95afaf6fb3c77ea5430bfbf9f9b1eb4a71d7e0be6f48c6774753b9f35b83dda6863b77529a92b35a2c232363d0a8f13d0ca2d9dba79765aa6d4605efbd90afafd7ff66e888ef478ffd6dd418de0d42f97df49835c68eff354f925ea50be703fb0cba89feef6c0a770bca41016e320afeb8d2449e3449784a3ffa49e31baf6c34f97ce82f6c01fecf41af17b75af699b1fe8b6f477cf1cdf76f2ede4f8bf1565418c91f2da4a3ca85797e8f0b95f0a70c6278f3fbccdc4067f166aa1885170641100441100441da23ff9db373f192256c51b973e74e53effbf5f70fa0f066b2a155e43e134b7101260fd181f92d974e8b4fb465012633e6ceef317b177bfb2c0b2ed6933d24f6a4517cfff173877c378c773bf0b2c6c8a197d2e3c0c3a2abb9f118d5475dc467b994a54a9f6c7554d98e4bc1427681871bd428b97cd1b522eeaac84101561c857f5c511c938477e6697d36fcf7ff1c625e61ffccd1c0bee3160cfa7aa86481678f5ee93b6efea0af86bc33773b2d2c99df54247fb490cc51f1c250dfa6e2ddff97b12fecb0ef61daf8379e4f474ea4cbf3ee9cadad7813bcfc85411004411004419076cabba3a65ebe7c992d2a3e3e3ebc16274986086fa624b422bb0531b691cab4ddd4a3dfc9cd6b11e996cb6daccd2aaf2c5f5fdf97474e636f1fd394f21fdc732437179b7167fc46fcf013ef46e065e4ef7ffce31cc95b511251fbad5828997399f90bc2a5cb8d0bb4419aedb46dd5b4cd927fbd946b9c5ccede7af2941560b97b43ddcd8ab261728bb57d44b73891dce80bc55ffd25ffcf2039abf1df4c6e75d9145c92fad755b0ba28f27f5c692a2f6eb5a67ad977ecbca7c4af4c78ca30f69575fa9205983906d14c071e3ceca52d96d2f39b0afb470bc949152f0c5b8099d75d7ff3fd3bf3b59ed6e3eee25480d9f99f8c9cd86bb79374375625bc0b8320088220088220ed94e7dfea939acab590eddbb5782d4e12e50578c78e9dec16c4141460f9d2cacd1091a9b2ecda1cc9462405587a3df67ca96e2c1ef928b70d66a66405e9519a1cbda1213939f9ffde7e8fbd7dd2eed47ce4287354acd7d9948d3aa7e95a8f18f1e38f3ffeac30c3878fa005361c3cf63f4b8587b5b28edee65727a625dd6ed3ead78105f863c7cc943b4d7e1c5af34780874557a74667f166b667a8a08aae397313884a2915daac02f159323555f4afc5bb99e45697099d4b24f3e557e7a2f08f2bf279ca28f6d35f270c1831fad9a3577867f1f2ccb16b037ef88316a67acc3b4b3eec1f2d242755bc3092024c19f4d5773456afdde77b98264a0a30e58b6f47bc3b67ebd30651bc759584776110044110044110a49df2d4b3cf5556568a7a4ac3b87113249d9617e505985664b720a6a0007385533c4fa6e48a70e7c8d65b11b69fb6a40037a5d9d145e806a19b85bd7d2a6b84bd2c65beacf473c7b4f91a8be95a9ff48b5c7a2142610e9e75a20566cf5df0b5639305b8c9c627e9a5ecc465fac96156616672b80a2d595ee1eaec7ca9b5086f3be293928d30178fc3b542051746bac0d34d44371477869c9614601a86fd3380f8102b770998f9159744172b35ba80bd7cdce516cf975c56c98bcbb96dca775ac9288acb2dbbb07882b9e6cdae2e598be6d084d488f2ab8b23ffc715857941cb61d0e0a16f2e3ec09baf306f2e393c68f0b017b4ec78f3e5c3fed1427252c50b235d80b9ba3b78f83bf3b4faff308637ffd3df26bdb0d341c543c1bc0b8320088220088220ed14ea7e6c59204a3efe4a7901a615b94d709aaca1dcb156b6c336964ea9062b839dcf2e27bd0cd781c52b489dc58d2c3d2d5a5d7a0d1546a7d3eced43d392db8acd9fae2913274da16bbd2cb8987796241b5d426881bffe1a3bd1ad89fd7f71bf137734a9308d49d2601b0f0b73b54ee6a4a858499657b0baa49d35f655c52b364e8bda2fd725a5a69905148d2e0e73d99ad0f202ccfe149db5304b74d125974f7a825d52ea728b97642f195d6df1d5e3a5f178af78fba269f626966ef64c68e1dbd5dc7d855dab89d5a5225580e55717e7415d3def8f2b0af3ce7cad2fbe1df19f435ebcf90af3df439eb4303552de7cf9d0d07401242755bc30f205983248fc79d4bc0ca44b3277c75386fc4fcc920fefc220088220088220483b859a1ebb6f4e9417e0a2a2a23163fee2cd67a35201963ec6aae8fca69768790166d790594a6e193ee9d1552ac0fb230a87baa42bcc3ed7405a40590116852d5c1c493992e97a52f54ac149d94ad8d47c972cb64b2a5b5132cd3473a9662b39c92ca06874f6641b176066d446e223bda24acc9b909c946ca4f976da4c8355b096f816a42198b39a1f42aa005378ab8ba69f354fa9ac11be659bce2dd3743e9cb0e8f361bf3c6918273db3e7a9d07e63665268427afe5306d19f0ffd8556919ea9306fdba657d408e962d0b4ea17a6a505f8edf9bb54793db6f4854110044110044190f6cbb32fbe525858c8160d252f81d6d3d3a705222222468f56f0c53fca5f02cdf550e986a9b8828aeaa9786929720db64505981b566e1939e2ad351414143cf7d2abeced5378af96d70b3e7348655f023d63e6ac5973e62bcc8489936901e625d04ecd1f5413853948cb1d5fa54e275f50a5e7f34eaa385fa654ca2d2099a6c5c48d52d9d6644f527f29b857cb6d5b4eab0ab0ecc1526ebefc84e4648b0a70e35a92d73037a6f1c2c8853b4be9eaa2c8166071785b8ebe59fda58be281a4d377dcfccf87fdfaa4f10de999ec915e0a4d48cf7fd2389e16a655a4672acce00bd91165f7252755bc300a5e02fdcdf7d47207fcf8276ffe27bf4d56fdd3b078170641100441100441da29cfbfff695454145b54947c08d6d0a1c34d4dcd6a6b6b8382827867519afd102c71ab15774c5e819522535a6516936ab0bc13f2e55679016e7a74567878f8ff3efa8cbd7de47b81e443b09a4dd31f82a528d4aa78555332c15ba0a9e59b9c2f6ad7926514ae28996e550166fb8be8c653a0552f81e6b62ef5c266f662f126142ec9954fbada52975826e2b3240b2ba9cd5267d1e5149d25b73a3f520558c1ea5c4c92cb7ff5c8959c6c2a7da6af1ef8dd8fcf1c0f92996f92f0b2e6190aef4b8f68315a9856919ea930bf7be61a26377eecb38a1786ff2158cc673e2bfa10acb9db9fd2e73eb05a95f02e0c82200882200882b4539ef971b2b78f2f5b54947c0d1265d8b0ef4f9c38696161c19b4f51e16b90b8d22999c72e21437496783969ec3a520d567a75e64ca9b3a4476eaa00373d3acbcbcbeb95df66b0b78fc25e30fd7cf46fa3141c0997cec8df46ffe3dcc4e7e036b6364533e527780b34b57c53f3799d964ecaaf28bdb06426b7b0a8ca35358ae824db5fb89b4f4ecb0b304d30038bb0ed51329f37c1fc6cf243b0c46d53aa8e4a22debea49152ef65890fd236ae257796fceabc21644e2a585d94a5c1c5fa2a7cf3d0ab6bf5067d3df4a5cd6779f315e6a5cd16b430adc29b2f1fe3e4f28552df3ca4e285911460d1d720ed54f03548bf4deab5cbb9a55f83c4bb3008822008822008d24e79e25fadbf672d60f7cf2b2a2aa64fff8757e49acd8c19336945760b62d235548c5f81655ba8d4b292f9348f5d49aada8a0fdb36ae4c73a4ce6227d9ad355d8049e30688d4e864fa9c793de6ec666f1fe95ef0fc210fcaff1df27cc12c7ec3e9b3bcdb8197757a962f9b44b3ab50d82d4822ea44527d5274fcb2b1ebb1674926d8659a3c496d4bd2ad44dbe1ad2edd69999992a19915b906d7b835a94ba2f05231f3f927d9fec26c5891e60b70eb439743badc3f5679dd26dd35a78a37533ecf1ebd3270c88f1f8ed778d2389e77162fb4c087e316d0c2cf1ebdcc3b4b3eeeb955af5835be405fc50bc316e0febf8c7d414be6139ea9007f3178d8bb73b6f53c1d2699a97a78170641100441100441da2bc7825f1ff22bd7541a1a7c7d7d957c14967c68613f3f3f6ee5aee293ef7fed7192fb6821e95ec05ee5c1c37ffc8faedf37e3666a69edfaedb7df253785242347febe63c7cecf16ed78799b956426bb05e9488e53b21a8f0e4abaa5d2ce29739299e65cba4cb596bfbae418a4a8fa36f65e6e3e555c998db32d5a447c5455d9e8e2fec2ad220705b8c9a878dcf5ddb9db98e3baab4ff1e6f3f2eaead3b418b550de7cf9283ce2aaca85797e8fcb3bf3763c65c0ff60e73e33373cbfd7853753c5e0f02f822008822008d291e9feafd6f8d9dc4160a15078e2c449496d6b36b430adc2aedb35cc9e37bfd782bdd2b78fa417b057992dc003474ffee9a75f366ddabc79f7fed973e6fff5d7580a4d6cddb1535373f3cf3ffff2e1ac8dca0b709789a4bf70b7a09cf62cc08f7f7c0bee8e6ceecdb73d4f5eff74e4c481df8e78799399e257179b26d159b4002df6ccc9ebfc736533da2bcf334ff1c15e552e4cdb46c985411004411004419076cab303be73bee4c5d695eaea07546b9b3d0e4c0bd062d5d53287311f771e1e1e7d86fcc8bb71286c2f60afb8a400b327fbec77fa7babeefaf51bd7afdff09b8eeda76b74d9f96a5280a5fb0b7723ca4101569697ac521f08ebe976e4cde7e53f87bdfbff32ee8bc1c3df9bb6ea3f87bc9e328a653efeca248126fe73d09366d259b4002dc65b513ed54d7fe5af8a17a60da3e4c220088220088220487be554d8133d9e7271137d5ab0e838b09f9f9f92f703cf9831d3d7d7af8b1dfb254f3ef5f493fa0a3eb98aed05c3c64e1df8c7e4cffefee7d9a357fb4d5b46d3945efb5cfb2cdcc54ebfbac9e4f5f5faecf4bb4b0efc6f97233b4de16db0cb44babf7037a21c14e066f2ab476efcad6ae3e472de7c5e9e3911fcfe94e55f7cf3fda0af877efaeb84be63e75368824ed24c3a8b16e0adc20b355bfa075b1a54cc9b2f1d152fccc347950b8320088220088220ed94ee1bcc9f79a7eff439f3b8d622fa4c2c1f1f9f1d3b768e1b37e1fbef7fa0d0049da499729f7af5d8f3f0f0a0f6fbf4ec9dbc9b4512ea05e1f9b7f5628a9e328ce9619af89451ec53864c7a98243c6914cf4e3f49d3c637b869e378e6f89c689ac2db5a17887c7fe16e4a3928c02a65e1b5a29bd5751fd867f0e64b87ee61cfef737d67ee76e615d1dffd44a1093af97ffb5ce92cdec2bc50a7f5ccab52f170ab2a17e661d2a20b8320088220088220ed94ffcedffbecf32f24a5a673dd453dcc9e37bfcf901f151efbe5a5bd7bc1e31285fd85bb35e5a000ab9a57acd36c332a8c445fbdf5b163e643f6c3b76dd3075fc81ee59947ff5aeeb9552dfda0a94e756110044110044110a4bd7232f499efc67cfcf7ccbd366e5e11f145b7ee703da60b292828080f0ff7f2f29a3e67de27dfffcafbd42be569db5ef0b84495fec2ddb87250805b90ff3b9bb2e85a11ddca29771e54d63cd47b0c0aeed54694dd374c623ea3ac755f32d4a92e0c82200882200882b4570ca29f98b5eb891193bbbdd65bf0f4b3dc97e57621cfbdf4eaff3efaec95dfa733dff72bfec623d5d386bde071a14a7fe116952328075064d7fea30882200882200882208f305c396939aeefca410106c5e8dec6dd470000000000003a1c0a30741c1460000000000078845080a1e3c817e0b2b2b2e8e8e8e0b6131616969595d5ec37b661dc87847115c2b80f09e32af4a8c6050000e892daa50073ff57632ff6ee3d78faf4360f6d961be0f1245d80ebeaea424343dddcdcc2c3c36fb49d9898187f7f7f0f0f8fa6beba0de3b6098ccb8371db04c6e57954e30200007461ed588085f5f5f76b6aabaa1fdcb9575d555d535d5b5b5f5fcf9ed5de6e55ddbf1893ea1c99a2303aded78b2baab845db079555838686b68abe5068eeef7fb2a08036cb0df078922ec0919191b40796939393dfd6f2f2f268f7ceddddbdb6b6961b4c0ac66d2b18571ac66d2b1857daa31a170000a00b6b97027c2d35cf213cc9e84af429bf88e33ee147bdc34ef8841f74bba679ced3252a253cabf0f6ddfbdcb2ed20ade4168db8df3d486196d9783eb3fa5066d96d6ee9f6d18605d82c3636e2efbf1d6d6c68bacb14e0aaaaaa0b172e64676773fb626d24372727c5c282f6e968df2e3030302929891d4ea29dc695c0b82c8cdbb6da7bdcc2d8d83b9a9af96969dc6931dcce2c751b170000a06b6b9702bccbe5b2ae67e8112f26d445e9e7c423163681119793b2e824855ab15b6cdaddea1a6e8d36a57f256a82be9374c64ba5df4e03c1b27d9dbf00ebd7d71b1516062e5e7cf7e9a72f9e3a452769669729c099999957af5ee5f6c2da02edc9a57b78e4fdf0438696164dd31cdaab0b080860879368ab7173f3f393f30b420a8a5c0a4a2c0bcbfc0a8ab933da795c1ebaa6919191ec74478e9b9898989a9aca4e77e4b874850bd33beefad2cdebefef1f1717c79d16e9807173f3f29d834bc79fb89b9ec5cd21ed346e41521255dfba975eaa1708cab76fe7e64ae9987fdf82b4b4e22b57b813221d79bfcacbcf4b2ae4fe953b74dcbcbca4a447f0fbcb8c1b97ce4e2b1c170000a06b6b97027c2e28f298db652d7bcff596ae07dd8334edbccf5c0e738c48a656ace3799dedc014cbe078613bbc28daf06af4218f101a88cd1a3b5fe902fcd1e35080f5abaa3c0e1dbcd5ab576db76e3e5a5a6cfba53c4c01aeafafbffba0463a1df68a74094901a6bdaeebd7afb37b600f2f23222267dab4fb4f3d95bd62455e2e9553465a5a9a8f8f0f3b9cc4438e4bfb8c54771714570e2c7df042995070b381cd8ce22a6e89f6195721da8b3d70e0c0f3cf3f6f676747273b6cdcf0f0f08103078e1e3d3a2b8be9671d362e5de1db410784a6cf97c674c4f5a5ed4c9932e5e9a79f5eb66c19374ba4bdc7f50c2f1ea973ff8985f5028dfa5d4ee5dcdcf6183733f3f6be7db56fbcd1201050842fbc705b5b9b3b4b4abbfffbe6e4dc3a71a2f6fdf76bdf7e3b3f23839bd981f72b6abf2eb74d56084704965ea2931d376e5e9e8bcb81152b9e0f0cecd0df5f665c93a015234c032fc5d04985e3020000746ded52804ff8866b5fbae69f98651f96b8c5c1f7d0a560ca5cfd732bcc9c261db19879fadc5a6b8fbdae8147bc426fb5c36ba18dae4653efd5f50a65b3ccc64b7901aeababbbd7461e3c78c06eb3d50558bfb6d6d1c136f7d30feb7a08eaba09aeae5ca92f144ace7d98027cb7bafad58d475e14e7d35d7ab57575dc792d24140aaf27a51b785fdb7fdef798fb95cb71492afe21a3cd0b70765252e6c60d95fff94f9d4090f3cf3fb46fc79dd1a63b94b451af82e27f8bab7a51e92dab97f4deee65f55483df2cab5d565cc12dda513bb2543ea9980944468d1a45733a66dc4b972ebdf9e69b34e8b3cf3e7bf1e2459ad3413beeb95915becbea0d040d06827b2eed7b7d333333e7cd9b47d597bd79bffcf24be97760b6d3b874cf0d882efeebd8bdee8ba8fa3674d3a81fb6bfda25a4843bbb6dc7cdc8603a67efdef56cf5edd5ab62f5ea828404ee5c59edf8ef9b9353666afaa07f7fee623cf75ca9bd3d775647ddaf72f2b32d2af66bd47fa9d1f0a5ee3de62f1d1d346e4e9685c5320d0d014557b7e37e7f73b2732df6fb6a7c6940d15de64273148e0b0000d0b5b54b01660ff0eebb1838cfc05edffbda667b1f3a79292e9dfab0675cba476cead9ab11ebadddc6ea3be4debec3add476f4af448dd373fcfbb48324ca0b705062da3b2bf77d3c79fe2753e67e32792ef3939d909afe582edc59e2f45eb6e38d8dba8bce38b1db6c5d01b6080f4afa7b58ed4b02e17f05753d05e13367e8d7d4482fa0a4001bfa874c3865a524a38e9ad31597a4d79a43d2e77ac725731b92535f5f7f233bcfd437f8b4e7b50ba131b72baa8cbd020fb85f3bec19b2ef52d0ae8b819a8e7ee67ec1aa1c4f6ec3029c9b9595ae77e2e687efb27f2928f8ebaf1ca9c347a44d7628a9fafa1414ff5172ef4971ef7da64c38bca45ab3e8ceb9c2d2b0fcc2c4fc021a55fa2d7a1db0239b9292f2f7df7fb3f56cecd8b1c9c9c934b3bdc7cdcbcb3337377ffef9e769d0175f7c913dec4c3ae0fa1664a7dc75fd9bda2fe5aeebd882ecf6babe19a2bb506e6eeeb061c3e86a7ef0c107c78f1f67674ab4f9b8547d83e28b66e8573dbd84abbe03773eb0ba5c96cdbd9481d336e36667979999d5483ae7b3cf56ce9f5f181ece9dab48bbfcfbe6e652d7ad1e3cb8be5b37ba18f54f3d7577ca9422d9d7fa76c0fd2ab320edf8ddd54cfbadff9226320a98b74077c4b89929c78fffcdb6dfe3c7c7666474c4ef2fc94ccb3ebeda956dbf349191c63c6e291c170000a06b6bc702acedea9f98577cc0f50a7b523a7bddae8dd377786fc7e984c2b25b55f715a6b29a3b9a2a21acafbf75f77e7c5e49707abec204a5e5394525eb5f8e946ebcbcc817e06b09a9bd176ffdf8eb21a27cc7fcfc6a483f51d86926cc7c36cc4cc9b99f7cfd1d9b7767af7e4bf3d822b3d61460fdfa7ae3fcccd0cd331e7cde5df8a140f8b640f8b2206ee268fdea6ade92d2055828ebe72316d2fdb6a5f14d48e3b62b8b6aadc3b58885e6aeeb1cfc363b076cbf7045cbd17bcfc5ab3aded72505789bcb95f5f63efb9cbd330b4bb8d59ad0560538cdd5b168e457752f327f2910f61414fdf87d8ef82da9120fbf43999c5fb0b0b8f229b6fa96d57f525a73a0e876747e21777613da7b4736262666f0e0c1a2f22b58b66c19fb3a64d2aee35227dcbf7fff934f3e4983bef7de7b972f5fe6ce68ffeb5b9811536d3fb841d47e2b7c96e5e7b6cbf54d4949d9b66d1b35deb0b0303ae9eeeebe6fdf3e5ef565b5edb85149850b4c2b9f592aa4ea4be9b7b5c6c0fb668e6cf5653dfcb8a57676d5df7cc356dffa1e3dee4e9d5a141ccc9dd7b436fef7cdcb2bb974e9fecf3fd73ff10473319e78e2dea851c5bebecc9f0164b5f7fd2aa530614ff54c8d06a6fd5a54eccf11ff15abddc74d89d9b36730db7e2d2c96e5e474c4ef2f4949c8d833d39e6dbf16fb7d72c47f5f51382e000040d7d62e05d827312b34b32034a3c03122c93c28cee072d449bf08aa4cda526f005692235ea1f3cfba1ff20ee6b627b6dacee75f33572519a67db6d77a9d9616e090a4b4cfb69d1cb4eec0c85d273e5cb1fbd3d5fbbeda70e89b4dda34f1e9eabddf6a6a7fb5e1e0e76bf7537edf75829d18b066df88ed4707ac61a669e15fb58ef7db747c8096fe5a4b57769b2d28c095b7fdce6cae18f7acf0178170a840f88540f8912075dc5083ca4afe92b20558c7f6fc96b3e7b759b9ecb076dd69eb36dfd479aeb9eb7c0b370d4b770dab4bcd866e2849fb7d72f9fedc9b8adf149d909d3fc7f4fcca733eebd902ec7a758ffbb5839ec1bc02ace91c400d7995c585aa7bca5ed3fef005383de472ee923f1ef47f42f8be40f89640f892a074e8c0ece424ee6c290fb943e95e50f241690dfb82e7fea50fcc0bcb14b51205da7547d6dfdf9ffa27b5d09e3d7b1e3870a09d5ef2cd431d7be1c285ddba75a371870c19420d9c3b43a45daf6f71927fade57b4cfb35ea793be880744d6aab71e936d4d2d27ae5955798bf280804cb972fe7ce68425b8d1b975ab0dca2e2ff9673d5f77dcd9a236eb7b29afeb29bd68f4b9dd3d5f5fe0f3f70875b7bf4b837664cb19f9f7ce754a80dff7da9e8defbf34faefa76eb76ffc71fe982357531daf57e155d1cac59fb27b5df25f5435c6e9be4312ff5e0b4efb8d1fe9a9aef51f55db2a4a78b4b07fdfe92e8e024cd3f2da9fa2e1962e46212d4ecb80000005d5bbb14e0c0f4bcb2aa7b95d50f32ca6e5fcfcabf189f6a1612bbd7e3da5a7bdf75f67ecd66c159f727571ea0e5b9ed89cdb370f788cfb89c9ca330d4b13fdd6df4fc7a1de3c0e8a9462e4de593dd86bc021c969c317cbfd9880367c69eb0fd6ab71165d801b311bbf50669ea7eb9cb70f411abef0f9cf97a8f3165d451ab217b4d68e16fb44e8fdc75f2d3b5fb3fdb7ebadf0ebd112bb6f49fb1f0b37f168d9ebfb4b2b292b6a94a01d6af7970c1cfb068ed9bc2f902e1bf02e16481f00f817084206bf2e7c6a5c5bc85d94817e0e3ce1e8bcdce2f35bfb0fcecc55556ee6b6c3cd69df3da60efa3e9e4b7e57cc05697cbdb2e5c692a74ee7b3b4e4b0af09b9a476a64bf0ab2bebe3e39b7c0cc2f649d95db626b4f2ac0abedbc57d978aeb5f3dee4e0bbc5d97f874bc036677f4d475f1a71cd39af95369e2b6cbd569cf3de62eb5e72fbceedcaaabbf7abb96d497998029c99149fa5bbe8ee5fcf097f1008bf15083f17083f14dc1ade372b9afb18559e56ef50d2bea17ee1cdff883ee3ead932e1b6a272eef35255d34e3bb2b4cfeae0e0f0d24b2f51497bfef9e7cdcdcda5f762493b8d9b9a9a3a66cc18b61c8e1f3f3e2525853b43acbd76dcf3f24a631deacc5ea2f62b347dbe2cd29cd7941e7e5cf6db65e866fcf3cf3fe9daf5ead56bd5aa55d1d1d1ecb94d79f87113d30bb6d895bfb4ba4e547deb5f5f57b7dfe5764a66017776135a336e5e5eb1bf3fd5ddfa279f640fb7520d2eb978315ffc4171aa68837fdfbcbca2ebd7aba64dabefd993adbe0fbefaaaccc6265fe977dbb6d3fd8abaeeb5528fd5753f51fb5d21fcdebfecbc74fb25ed356e5edeb56b0eab57bf44ed77c58ae7fdfd3be8f79719d72376f54f66d47e577c6fea7f3e529571010000bab68e2bc05b5d2fcf35775b6de7b34a2e4b6d3ca50fd28ed0b5a256265f80a93fc7e7953615f7d874b600b7f40870644ae6681dcb2f771b5107a689eff699feb45bff94bec1c953a7476f3e4c73661f3b3bfab0f9c4bda787ef329c71c4e29743e603e6acfeb4ff67fd077cfeedbafd1f6f3b35f4e7df867c3b843278f037454545b4cd660bb0758c57fa812fea3405c26d02e11681709d40b858209c21289cfb9e4961366f6149a40bb0adcf550d13a74566e7975007b6705d69e9b6dae6d2da739e1becbd373932476b9577e0af0f9a490af04f47ccb98d8ad95e0d9ba6ef30fbccc505672f2db1610af09493b6a30f99369531ba67c79d76586ce5b1d4da73a1d9f9f9662eb30d1d0f9df729aface2b628d2ba029c93959961b7af7ce9cbc25902e17481709c40f89b40384c50feeb5b99a141dc42725abd43b9b7e8760fd181dfbea5355e52df6fa4a2f6d891a57dd693274ff6ecd9937ada9b6fbee9e5e5c59d21a59d76a0636363df7befbd279e7862f9f2e5d29f0525d12ee3e6e5dd0a3d2934ea49edb7d6fccde28436bebe9999993a3a3a83060d62bf44cad7d777c99225bc23db4d799871d3b2f2f73adf7e6d2d5b7d1b5e5c55b7d9ee4e724633d597d5d2718b4242aaa64fe7aaaf40409db3d4d6b645d597f590ffbe85d1d1951a1ac2679fa58b41a9f9f8e39b4646caab2fab3dee57d4753d6e592f110ea1f6bbbef6b7886205df30d42ee3e6e579789c5cb2a427b5dff5ebdf8c88e8a0df5f665cebd025438ca8fdaeffcd3ce2aa82cf3953382e000040d7d6a10578b9adf75f27cffd6be63adde8fc3443e749fa8ee34edbd349eac0d21db5830b70746ae6a4e3e7c6e85af5de7c6294b6e5c463b6a30f18fdf5d7df63c78e9db1f7149df5b7d6f15ff6198f5bbefecfbd06a3b58e0dd96b3274d1c6815f7cf9f9c04123b7e87cbdc7f8db8933068f1cfded6f7f0c1ef1635959196db3a902ac5f5f6f96191fad3ba6767d37e15e81f0b840a82f109e12080f0b845b05651b5e3b939bc85b453ad205d83734729ea1bd86b1e34253e725675c9659b8aeb0745b657d698dadc77a3bef8d0ebe9b9dfca9033755837f3b692b29c02b6cddb98d8af846274cd47398617241ba00cf36721a77c462fc91b3138e9e9d78d472d231baa12c699ac2cc3c6635d5d079998dd7521b4f0dcb4b73cddd669aba4e3572596de1525dd3f86dcf2d2dc0b93939e95e674a767c54b74120d41408e9e70a81701e73b4bc72e28b99d77cb9e51469c50e655e7efe81a2db4f30edb77e44c9fd1bf92a35139e36df91a5dab961c386eeddbb53fbfdfcf3cf434343b93364b5f9b8d412d9097f7fff63c78ef10e1c49b4fd8e7b5ece9d800df586dda9fd3eb0fdbc30ad2daf6f4646c6c99327fbf6edcb1cd156e105cff25a396e76becec5dbbd37d50a34984fbaeab552b8cab2e2465a0bee602d18372faf7cf76ee133cfb09db3be5bb70aba9aa2c3ddadd0ea7fdf82f8f83b6bd70a9f7f9eea37a5f6bdf76e1d3b46f72aeeece6b4f9fd2a373fc7e6ce9185f55f53fbd57a3035a150f1a1feb61f3737c7c666c3c285dda9fd6a697d9e90d041bfbfb93979364702167e6d48ed576baa6d4234f3115ff2148e0b0000d0b5b54b010ecac86faa008fd439bbdcc66bfe19d7b9a62e53f51dc69eb05d6eebf5680b704c5ad6bfa71d669e76f85dfbecfb5b4e8e3d6a3ded90e98a55ab562c5ff1a7e6a149c7ed9698b84c3f6537e198eda413b67f1cb16226769dfc75e6a2113334a66b9bcdd177da6ae7a3e5e8b7c1dac3d893bbcc0a0bb0515951e089a577ff7d5ab84ac0b45f4381d041207413085d04c2b3825a5d815dc859de2abc4817e0f894b4d9a76da8032f30725c68e2247939f44ae997433b36f972e8e9a62e92026c74258cdb6843434d6ded7c2387c986cebc02acca7b8069315e019ea0efe8157983db744b0a30d5adf460af82fd3fd66c7c82b9ad74457f2ca09f7b981a7c77c97f33fd9db9459bd08a1d4af3c232d1475ed5ff52723fb555ed97b4ed8e2c15b6e9d3a7b36dedd75f7f4d68e2bb6a481b8e4b37be8989c9c081039b7d3d3069e31df79c8caa4bd3d90f7cbe7ffed782acb6bcbedededefdfbf7676f4c42d3c12a7c0a144f2bc60d4f2c1ca8f580adbe94b737d4fa46b5ef2b0b0a52536fe9e8d4f4eb27f9c8abfb234630af3a6e790d6ecdbf6f4646b99656dd2bafb00d5cf87fff57be6b175d24ee5cd5b4edfd2a3b3f53bf4a93fdc067edfb8bd20a980f5e56a88dc7cdced0d79f4ed597a2adfd6b5a5a47fcfe92eccc1c7dcd4b547d29da8bcea725731fb5254fe1b80000005d5bbb14e0eadaba07b575f4b3a4f26e4af1cdd0ac8280946ce36bd19db300c7a665cfd777a6cc3aed3846c7eac3ada7661eb7dab56bcfde7dfb26ef3e397addee9f966ffd71d9d6a18bb77caba93bf5c4b97f0fe8cddc7feadffda726ef39315bc7f8df03a7699a3263ef8993ce9eec361516600767e35b535e10ce151dcca43a47ed3750208c13082304c24b02a189a06adf33becedb0cee29f8f82b36d205b8a4b474d689b3b3f5cecd35b0a3caaa61ecb448ea50f06aeb4b6b6d3dd7db796f72f4ddeccc1c0aa69a2a5d8097da7a8a0bf0dee0b46c6ea30d0d994525634f9e630bf0143dfb89276c269fb29d7afadc743dbb19faf6330dec67193acc31729c6bec34cfd46599b5e74ea50578a281f3894b57b94dab5c80336323730efc737f5e0fe17a81f0a040682410da0a848e02a18d4048bd68ef13e9bee6dca24d6be90e656041d1ffcaea04371b06975627b7b6fd9236dc91bd71e3c68f3ffe4855ad5bb76eb366cd927ce0b3426d352eb5dfad5bb7f6e8d183c69d366d1a37b7696d787d0b326fdc77fa51f481cfddaa3c66493ef059a1568c9b9393636d6dfdfdf7dfb31fe8f5fbefbfd3958d8c8c64df0caca2d65ddf6b7145b38daa9e5bc67de4d58babea565956442537f389e2d25a336e76f64d1393075f7dc5d56081e0c1175fdcd4d3cb577a47e269cdb86969b70f1eacf9e003b60033ef3dfee597527b7bba6f710ba8a00def5769054987ee6bb01ff86c58b555f281cf0ab5e5b869370e1dfa51d47ebb191ace927ce0b3426d396e52e6210d27b6fd1a6ef5907ce0b3420ac7050000e8dadaa50073ff9715915dd8390b705c7af6df072d676cd9ffcfb683b38e598d3b6af3f1fac3a3c74ffc73fca41fd6ecfab8ff679f7cd48ff269bf8f872d583bea90c59f93a6fe3579ea9f13274f98f1efc86933c74d9b41d37f4e9c32f19f59fb4e524b65282cc014a3b2826b660bef6febcebcf2d94dd47e6f09845902e11581d052203c20a85b29c85dd9d736c84dbfbe9eb72e45ba00d7d7d7cfd535faf794cd2c3ddb39fa76cca160d1cba1179f71596a7161c5d98babacddd7d87aacb3f3dae8e0abe9e4bff5bc4c07dee0e4d773d541ba299e5e79a0ac82f9e02ed6f5a4f4717a8e5480a71bbb8c396c36faa04953f9eb98f5043dc7edb435a505f8a8db656ed3aa15e0a4ebd78a27be2d9c24102e1108b5442f11771608af0a846102e165a606d79d12141efb263de412b742135ab443497bc4df945653fb7da3ac36b2b92f3a52aead76648382823ef9e413ea69d445b76fdf9edbdcbb37db64dcf4f4f47ffef987ed8723468c888f8fe7ce685a5b5ddfa294a01aeb4f98f66bd8a3fceaf6fcbcf6babe744bbabbbbfff9e79f172e5ca04a3c78f0e0be7dfb1e3e7c3855b54394ad1e97da5f6452e1728b0af1c75f35fc67b970ae71257563558a61eb6fe79c9c520707e69b877af4606b70edfbefdf3e70a040f4f5d1cd6afdb89999370d0c1e0c1ac47dfa74b76ed55f7f7dd3d858c55741b7d5fd2aae28625bcd046abf8bea073b949fcacdef88df23121717b46ddb27d47e172deae1e0d041bfbf242e2265db046baabe8b061b3a9cba9a9bdbcc7d4be1b80000005ddbe35480175a7a446615c5e694288c6d680215e081fb8d5b710478ea09bb7f761f9db0e5d0dc1336343dfda4fd323ddb05064e338edb0cf8e2cbcf077c4619f8d9e7c316ac9b76e2dcb8e933c74e9d413578caec79bfcd983d69e62ceac37f4f9e3675f6bc83fa26ec369b2ac06ccc7263e2ed7fa975e9260c17b5df4481d05720341708f70984cb05c22982da9f05116b271ae766f156942ec064a391f58c1356334f59cf3a6d3347ffdc3c03fbf9460ebc97438b3e198b7939f42647bf2d529f8c45132f6f3c4a37459f2dc7b8cd89c464e48c3d65cf1e019e6ee8345ddf61a6a1e36c63e779a6e735cc2e2c36775dc66ed6fad26a1b8f0d8e7eca5f023dd1c0c9e57a0cb769958f00674406e7ee1bff606577e606a19b856e9c2481b058204c1008bd044253e685d0f756f6cc3ab1302b25915b474e8b76280f14dd1694d5f728abb72d2ce566b5569becc85ebc78f1f5d75fa716faecb3cfeaebeb37f5fe5b690f3f6e5c5c9ce480f38c1933a80c736728d526d7b7e4c6c53af3d7990f7c367ef66698be2a870adb64dc808080a79f7e9aae3279fbedb7030303157ed097b436b89d530bb7d8dd117d1416f3a2e89e4b84534edff58b2a567ea51f76dcbcbc120f8fbb1326d43ff5145783df7cf3cee6cd05cdfd8de361c7cdca2ab3b6aefefefbfaeeddd9716b3efef896ae6e419ae2b7a44ab4c9bf6f6889ffbabadfa8fd2e157ee775f31cef039f156a9b71432fae5bf73ab5dfa54b9ff5f2eaa0df5f12ea7f63dd6fe6d47e977e67ec752eacd5e3020000746ded5b80991742d7d4b2b99e59400569f451eb55e7bc179a5f5c6076e11f43a789a7ed569ef35e63ef3bc9d079a28133db519b2ac08bad3c679ab93695b17a8ebf1db75d61e7d5d2021c959af5878ecdc4e3e7269fb41b77cc668caed5d8a336db8e9d9eabef38e598355380fb0ff8ac7fff019f7cfaf1cc65bf6b5b4dd2b59ea86bf1f33ed3d9276d0f38fbadb770a509caac1336c72ff8b1db545e8029fa75b591aea384eea2a39a54f02f825abb0000960949444154ec451f85b55d205c28108e17d4fd20489f34d0f2b2276f2d5e01d6b5739d76ecec8ce396ff9cb4faf7b4cd6c3d5bf1cba11da55f0ebd4afc7268e693b1442f87666b70df9dfa7453fc79ca9adb9c48c9ed3b13c42f81967e0ff03a07df8da277146bb95eddeb7eeda047f07ef7a05d17af6e77b9b2d9396083831ffd23ca17e009fa8e61c919dca6552ec0acb4c0f3857a83eba800fb098429026199a8067b0b8466a277508bfe52706bf2dbe936060af7f354dfa18ccb2f7c59f4e2e799c555dcac87f0f03bb2262626fffdef7fa992bdfaeaabe7cf9fe7e636e721c7a5eef7d1471fd1a03d7af4d8ba756bb33d50e2e1afefcd0813a1c97fa9fdd69d79b534ae83aeafc4d5ab57fffdf7dfe79e7bee830f3ea06d8e1a356ae5ca95616161dcd972da6adcd4cc827de76fbfc77c2c167334b8fba2fad147eeb9849434d559da6adca26bd72ae7cc61bf918822ecd5ab62d9b2fca6ffd8d136e352fdbe7891f91260d1a752536adf7aab7cc78e82f67c4fbbef4dc7e5c2e1d47ed7d6fd1a5ceacdcd6d4e1b8ceb6bb27cf97fa9fdae5dfb6a7070c7dd9f7d1d23960f37a1f6bbf6d733c1de71dcdce6281c170000a06b6bc7029c585066101075da2fe2a8d775fa79c2375cd72bf4b047c816075f4d7b1fca263b9f13ded70f5f0aa2f9d4a6be3a60c676d4a60a707c7ee9e6f357e6585e529859166e3f1fb5d6f609d1f1be4e1bd1ba70d5293279bea5fb383d4776b36ce40b70746ad618ad93cb34b74fdebcffcf23d67fe85afdb6cfe8e7d53b47ed38fe87b6c527033effa4dfc74c3eeaf7e59c5543f699ced4319a65e034ecc0995fb4cf8ed4b5a49f3f1db6f85dd7eac74316879c7dd96d2a2fc0faf5f50117356b7599f7fd32af7ca68e47ed778f40b89af942e09cf97d9dddcfea3fa8e6ad45e115602b4fffc947cca71eb5987efcec3feca160e997439b382bffa2e021dae67453683a7b739b13a9afafdf69ef3149ae00cfd0b7ff53fb0c179d337f894213ec9cbf8f584ed4735c6aedc92bc0e34f3bc465e6729b6e610126b939d969574e5538ff47182410468ade32ed2c10ea09843b44df1a355120fc51503da8fb8dc3dbe53bb0ea3b946b8aef50fb7da9ac2efae15efccc7a981dd9dcdcdc5dbb76b1efbfa53a4aa5943b43050f33ae8383c3cb2fbf4c8352f136343454e5c091c443edb8e7e59607eeaa37ec41edb7c6faa3a2940ebabe3c747d232222dcdddd9d9d9d9f78e209ba1d7af6ec396edcb8a8a8286e09296d382ec9ccce3fe971ebb31d0fba898e06775f583f747ff5b9aba5f22f5c6d9b71f3f28a030298e3c0ecf1d86eddaabffdb6f4dc39255f8fd496d7372fafe8ca95aa7ffe11fee73f6c0dae7bf1c58a152b0a2322b805a43cccb879f9b94ee5fa8bea0753fbdd5a332eb6a8c93f67c87ba871f3729d9c762d5ad483daefd6ad1fc5c676d0fd392f37cf493f70d160e6039fb78eb38e0de37f59b7120ac7050000e8dadaa5000b85f55753728f79879df60dbb9a94e91476c3c02f9c8dae67884140a4e9d5688abe5fd895e41cf36bb1873c423ede65f89f35da6c475558801fd4d61df408fe53cf71f4697b85f9e1881535ba3bf7ab8d0363b6bb5c89ce2e3ee21bfa9f3587e79c715b60e1ce6696992b15e09eab0e15de697cd72b15e0b11bf78efe7bdca8590b47ea585246acdc3ee0d3fe4326cefcf190f98fbbf47fdca5c7e6afc366e3162cdbbd73e34c23e71f75adc6ea398e3ded30e9b0f1d8d38e34fdcb519b3d8e5c99545280f585427fcbcdb54b451f85b59b79df2ff342dfed82bad582a2556f5c703bad5f7d8fb78a24bc02ec1f1a3151c76cb2ee992947cd9943c1272c679e645e0e3d5bffdc5cd1cba11bbf28f82cff8b82b73807fc71ea1cddce56c1d1dce6c48a6f95cf35749866ec225d80a79fb6e3bd07583a6374cca9ebca15e0f34b4c9d1e3cc4d7205133c972df5563d29df9c03017d1717263d1c762ad1708e7086affea5634f3f374a7b3d493b915a4a8b84399945ff09ae8f0efdaa23bdcac87d3ea1dd9cccccc850b17b2efbf1d3a74686c6c2c77866a5a3d6e4e4ececf3fff4c83bef9e69b172e5ce0e6aaacf53beeb99995de0beb0dbad51b08aa1d86166674d0f55588edfc7ffef927dd0ee4bdf7ded3d3d353f8a9636d3d6e7e5842e134bd2ab6000b34ea3fd95673c6afaced0b3095cfd050a67c8abe1e89f940ac0103cace9c613f179aee7b2e2e2e274e9cb0b5b54d4991a94f6d7b7de96214c4c7df9d34892dc0cc2bb1df7df7a699197343c86af5b839f9596695bb35eabfd2a8ff725ff5ec94c2260f322bd4fa717332cdcc166a6874a3f6bb6fdfd094948efafdcdca35dbedadf115f39157fb663ba424647067a846e1b80000005d5bbb14e0f3912947bdc3d8185e8e6627b43d420ebb07b139e41e64e41faee31142f3f7bb07f5d5625e8baba400d7d7d72717de8cc82a1c6fe2f2878193c2fc76f29c5b6c5ad19d2ae32bd1915945e7a3929f5b7378f4c97347bc42d90b40f9f998f5a7bb0d4f5e0ee7b62b12969239ea88f5f813b6638e5affa47d76f4519b5fb7e87c3b66c20f8b36fca263f9dd7e8b6107cd871f3c43f976bfe9702dbdc57b0ffca87376848ee52f9a87c69d761873dcf6d743ccb1eb1f8f58edb057f629d0147d615d809e66ed188170aae8fb6ca906af14d42d1794ae79d9c3e5a0febd2adef2bcf00a70526adaf8c32613754c2751073e421dd8623afb72e853dccba1e7192a7839f41af1cba16788be0929363b9fdb9c94a29bb777d8794cd377a02a2b7e09b41ffb12e89d9297405f0ada7d3170fb05d14ba01dfdd64abd04fa5fd30b33f5ecb4ec3d0aca6e715b14695101a64e927d6e578de613ccdf088e8b0e921f13fdb16093a06ea1a06459bf344783dca65fa9abe20ee5f1c25bd47e9f2d13c6b5c5e15fd2ba1dd9e4e4e4d1a347b3ed6bf2e4c9b411ee0c95b57a079a4447478f1933469525e5b56edc82ece47b2ea31b0c0494bb6e93f3733af4fa4acbc8c8d0d6d65eb162054dbbbababefaeaab3b76ec5072fbb7d5b82432a970f199ca6796b21f0d5ddf774bcd498f5b4d7d64efc38c5b181555b96081f0d967d9da59d3b72ff359d0a2ea4bbf6567cf9eedd7afdf1f7ffcb176ed5abaeff5e9d347474747f2a14d6d787d0b1212ee686a0a7bf5622f46ed9b6fdedeb7afa9575fb76edc8c82d423f796311ff8dcf0e5e9bb1bb2f25bd606492bc7cd483e726434555fcae9d393b3b23ae8fe9c919a7d64990b555fcae90d6e5919aabe734142e1b80000005d5bbb1460ea9c87dc02cf06461f760bd4f508a6e85c0a3ee279dde44a341bbbebf15ef119277cc3a9fd7eb0438f6a18af00bfb041f77a5663314b2fb97d4c5c629b0a0dfabdaea5cdf51bd75272af67e40fd86b34dbfca2ae54fbdde8e8ffe48a0356a1f1c2fa7a6ebb2211a999a38eda4cd1771a79c4fa87c367471fb3fd45d7ea076ac2c76c7ed5b5a2b3c69fb2ffebc4399a9870dae1cfe3e77e3f623df480c5d0c3165f8f9f31f694fd383dc7bf4f3bb00578ab9d07bb4d8505585f280cd0d6acfdb29b70b840f89b40f8b7403849707bcef33e36db0ccbcb780b2b0caf00dfbd776fcc8e23d48127689b4ed2319b7ce40cfb7268f12763d9329f8cd5f417052f3cebf6ccca03f71f341ea195565f5f9f51503cd3c07e919507355b85df03bcdb2d50cb95ff2158f32ddc579abb28dcacea059869bf265a3533ba336f8a5e233a5abe45547d570b6eaeeb9deea09b93d9ccaead8a3b943f96dca7023ca1e46e0b5ef5ab542b7664c3c3c3070d1a44d5b77bf7eeab57af6ed1b7f248b4745c2a7e6bd6ac090909614f36fb29b54d69c5f52d4c0b7f706e10f365bf86dd2bfc56e7e776c4f55588ba5fdfbe7de9967ff2c927fdfcfce85ec73bfe29af4dc68d4d2d5c6375e7f915dcb722f5de547be8c2ed0ca53743ebc62d8c8dad58b54af87fffc71d6eedd3e796aeaef4e7309f3b77eee38f3fbe7af5aabbbb3b6d907eeb737272860c1972f0e041768136b9be05c9c9e53b77d6bdfa2a5d06ba243451be756b81d29bba15e32616c6ec7a305da3fecb85f55f5b561ccecd6f711b24ad1937317cd7ae41547d172eec6e69b93ab7a3eecf893169bba69fa3eabbf06b43cbc37eb939adf91556382e000040d7d65e05d83e2cd1353ad5f072141b7dff48e923b16cf6ba05bdb7fd34db7e29af691e5b66e345996be11698def8c6d1bb0f6af6b85ddbe4e8af3c73cddd68451a342eb764aae9f99966174efa861b5d8ea6185e8ea6d1d9cf7caaad1372db150b4fc9fce980e95f9bf7ffb07ae7f0953bfed4dcffebbadd343176cb811f566b7dbb7c1bcd19b97e0fcdf98b99d8fde37e93c1fbcd86699ffd69dd9e71a71dfe386efbcb41532ac0bf1eb3d9dc7401d6afaff7dfad59fb8e40d85720fc5c20fc4650f9f333574eac342ac9e32da924bc022c140a671e3835f6a0d1b843c613b44de45f0e2dfa642ce92f0a3e2ffd45c1ab6c2e7db5df887679b9cd29129d9efd8fbefd422b8f75cc076831ef1c5e69e3b98d39eaebbfc3f5ea8e73ee9bacdda81b8b0bb037fd2bac327729baa5f8cea16201a61e92756a77cd0fdd85a3456ff49dc91c2daf9b2fb8bdfcd50ceb9dd9e92abdc34d951dcae4fc829e65f582b2fa338565dcac87d6d21d595ab84f9f3ed4c17af6eca9adad4dd79d3ba3855a346e6262e26fbffd46830e18308056e4e6b64a4baf6f71a24fad659f066abf463d6f076bcbbff655452d1d571ab57df6763e7af428dd084f3ffdf4bffffe1b1d1dcd9eabdcc38c4b92330a34cfdd79650dfb4d48f5afaeaddbed5c4e33b9b39bd6d2710b9292ca376fae7bf145b6fad6bdf6daed3d7b0a64bfea293333f3b3cf3ea32d949595f5eddb976e167a34282828a00efcc1071fc4c5311fa4f490d797c6b87df060edbbefb2477d85cf3f7f67ddba663f7a9ab474dcc8e26b9b6ac768347cb9a47e88ebed33aa7ce0b3422d1e37d267d3a63ed47e972ce9e9eada41bfbf24f25ae2a63196d47e970c31723d13dcb6e3020000746ded5280175b79aa928f448d94cdb3ab0ff9256709ebebd9705b1279505b17935bdc6c2ea7e49c098c8dcd2d31ba1afdeeb69354b06dae279c0b4db40b4db40eb9f1af992b3b907c010e4bc9f8525367c037433ffb6618650093a1d2e93f983b8bc9b7c3bed870f09b83e65480d9f7004fd43661df03fcd311eb0db697d86df20a30f3bedf6d9ab5cf0b842f09846f0aee7dd82378cb3ce3bc4c855ff6ab24bc024c7babebf42cfeda6ff8b7a803332f87d6369da46b36e588f954d99743cb7d51307560e68b8297595fe4b6d5346ab3a6bec1dbec3db51cbccc7c83a3d232cf8744fbc7245e0c8badbc77fffe8307cec151dbed3dd65bbb6db3f3b8703de6414d2db7a61c550a30edc965ebecacf9f809e11702e15081f06701d5e03b535ec834d89095aad23797b254d9a1b42e2ca3f6fbdf3261627ef30d44452dda91b5b6b6eed5ab1775b0175e78c1c6c6869bdb2aaa8f4b73a8f6d0a0ddbb77dfb06143ab8ffdb25a747dcba2ad85a6bda8fd0a4d5f288deea0eb2b8dee5d969696df7cf3cda953a7e82435c065cb965dbd7a953d5715ad1b97a46515ec722a7f9df9f623e6a8efff56d56db1bb93a442f565a93e2eb5dcf2ddbbeb5e7d95ed9c752fbfcc7cdd91a26ffdf5f3f31b366c18bb295d5ddd7ffffd77cd9a359f7cf2c9ad5bb7e6ce9d6b6c6c4ccbb4fafae66765dd3a71a2e6830fb8eafbdc73154b9716aaf65706d2a271af945d5c291c41ed77a5f087aba56edcdc5669d9b857ac57aeec45ed77e5ca17ae5eedb8fbf3958bd12b479852fb5df983e95537556f5285148e0b0000d0b5b54b01665fc9dc6c5edd748c2da54fae3ce01c93ccaddd2a5492cf06c73b4726fb25667fbac770cc693bf36b7136d76f8892a0eb15fafc3a1d1ae8ab43664221ff80674872fa173bf5062ddca062bedaa5ffd5c1331fed32ecbfd7648291f30443c7f1464efdf718d39cf5e7141460fdbaba80cd9ab54f0a843d05f75f78327cce64d3e404c9b92d0aaf0013b30b1e4b8e992c3d6ebaec84d9f29367569c325f75da62b5ded935fa966b0dacd61b5a6f30b6d964724ed3d46ef319fbade68edb2d9c76583aefb472d96d7361cfb98b17c3e3b80d7588660b30d37ef769d5bcde5df8b640f8a14038405039fcbf59079667c6c7704ba84c951dcaf545cce73f7f5d5acd9d6e0b2aeec852edd4d6d6eed9b32715d1debd7bfbfafab6fa180e4bc571dddddddf7aeb2d1af4b9e79e3b7efcf8430e4a54dd71cfcbbd1dac5d6fd493da6fedd9dec589bead3ef6cb52755c2974eef0e1c3d9cf79eedfbfbfea5ff524ad15e3a667e5eb5cbcf5eec65af68b7f7bad14aeb2ac884b2d68d10da0d2b8e9e9b7b5b56b7bf7665f69cc7cc5d19a354a0eb79e3b776ee6cc99eca62a2b2b070c18a0a5a5c53eb2efd9b367f7eeddb44c2bae2f55df9ba6a6359f7c52dfad1b73319e7db66af6eca2b0b016fd8bab386e5e7e9eebed334bea8750fbdd583b26b238a8d5c77e59aa8e9b97ebeaaabd64494f6abf1b37f68e8ceca0df5f1ac5f54cf0922146d47e378e391b1994d81ee3020000746d8fbe00775fb1df38285af90b7195a375afa4e41cf10a9d66e4324ecff1e35d86a7fd23ecc2121d23929d22922d83e347e85ad240bdb79fcab975875b474ae5bd7b719939adcb8dacdc84ec3c0a7b32bbb894dda6a40033effbd5d4acedd6ed41f72762c78cb6080b6de9515fe9c817e0c78bf2024c7b72597b77d7fce709e1ff3187caeff5e999bd7a5646642877760ba9b243f967c93d2ac0738a2bb9d36d419571a97aad5ebdba7bf7eed4c4060d1a141e1ece9df1109a1d976e5e7373f3fffbbfffa341fff7bfff393838b0f31f924a3bee7939157eabeb0dbb53fb7d706e50615a475c5f09bae2f1f1f1f4936e76b600fff0c30f6e6e6ead6b0eaa8f4bb273f3f5bc6e7eb4a5863deafbec52e102d3cac8a4d67cdc5a33e36667df3c7dbae6a38fb8eafbcc33958b172bfc7a2169fefefe43870e953cf6debb778f9d20b367cf363131a1655a747df37373cb6c6d1f7cf5157b31ea9f7cf2eea449452df9362f0955c6cdcdcfb5ac38b4b0fe6b6abfbb1e4c4f2c6cf19fc9e4a9346e6e8ea5e5ea850bbb53fbddb56b50626207dd9f7373f32c0ff92dfc9af9baa35dd3cf25c63cd49b17580ac7050000e8da1e7101eeb66cdf21efe08769bf24f756c501f7e0bd17afadb2f55969ebbdd1d19f4e1eba14c266b59d4ff7e5fb9f5fa7139153c8add0fed802ccbcef77f3e69a6edd12860fb70a08a0322cdd665b912e5c80a98d64efdc59d3e309610fc1fdff3e993b73525a506bf69b259adda1a4f6f345e9032ac07b8acad9396da2d971535353274e9c482d948c1e3dbad94f5d5291f27173737377efdecd7ec3f0071f7c70e5ca1576ad87d7ecf52dc84ebdeb3691f9c82b03c13d97d105d91d717d25fcfcfcc68c19f3c61b6f242626d2495ac5c5c5a575d597a5e2b839b9f9667e659f6ea7eacb1cf5edb9a47ea641555842eb3f695cf9b8152b5752e1643a67cf9e55336716aaf62795cccccc810307060707739b13cbcecefef0c30f6fdcb841cba8787de917b8d4d1b17ad830aefaf6e871efafbf8afdfdb9735baed971330bd24fde5da751ff25e5c8bde599056dd00649f3e366a69e3c3991aa2fe5c891d199991d747fce4ccf3eb9ce8daa2fe5c87297ccb4d67cd4963c85e3020000746d8fb8006f72f17fc8f64bbc6e64f0b62c9d6f0e993fb9f2c0c5f8546ee90e414d9579dfefe6cda98306d9b8bb3f7cf565d3550b30d37eb5b46aba777ff0648fbcd1a3d27dbc1fa6a2b09adda1cccacfef535a4b05d8a0f0263ba74d281f37262666d8b061d4429f78e2090d0d0d85df34db3acac7d5d3d3635ffa3b74e850153fed4945cac72dcc88a9761cc67ce495c113955e1af9b91d747d59f1f1f1fffdef7fe95a77ebd64d5757979bfb705419f75a5cd157bb1eb05fedfbf492fa8927ef5e8d2d7ac87bb4f2718bae5ca9fbdfffee8e1fcf1c6e6dc9480e0e0e1f7df4116d847d1ca69fa9a9a983070fd6d1d1611750e5fae66767df1b35aabe7b77a6fa76ef7effd75f4b2e5e6cd1c590a77cdce4c21bfbabe76a347cb9b0fe2bd3ca5d39f96dd3064933e326c7ecdf3f8caaefc2854f989a6ae4e474d0fd39f946c6feb98e547d177e6560bacb2ba7a92fcb6a3985e3020000746ded5280359d0354c9ee4b81f2efc86d054fa505f8db43e6bc2ffeed005f4f9b6679f6ac83adad7e5d1dafc43e4cba6401a6ae9bb57b7775f7ee05df7f9f76fefcc3575f56b33bee69f9f9af96d55101b62b2c65e7b409e5e39e3973a687c8eeddbb1ff2d3a778948f4bad868af7f8f1e3693176f9b6a27cdcb2c833f5863d28e581bbf3f33aeefa4acc9c39b35fbf7e262626adfb722979aa8c9b985ef0f2eaba2716d6ff71e49e5744719bdca39b1db7d9173c2b44bf6ee7ce9dfbf4d34f478e1cb962c58abffffefbbdf7de3b71e284e4cea9e2ed7c77ecd8fa6eddaa870c297574cc6f8b3bb6f271fdcbce2faa1f4c712ad7cfcdefb8fb95bfff99458b7a509c9c3af4f7d7ff7ce4a2c1861427fdc0dcdcb6798464291c170000a06b6b9702ccfdbfa3dcaaba1f9f5fda744a1efe20734b0d9e364dafba9a575f1f3e5da600272727b33b76b4ff9db96b57fed75fa7dad9b555f56529dcb1938c4b72f2f39d0b4acf159626b4dd47409366c7ddb56b97a9a969db5e59d2ecb8d4815bf7b14fca353b6e79e0ae9b11a60f793c505eb3e3b2e85ab7e16176a2e2b8a67e372f86967027da828ae3b64e7676b69b9b9ba1a1a19393534686cc376cab386e517070998d4d1bfe2b373b2e555fdf9b8e0ff99157f29a1fd76997afef23f8fda5eaebeb18d131e3020000746d5da10077422ff6ee4d65b5cd439be506783c490a30ed78f9fafad2cf6827a71473f3dc363a3a272d2e2e2e2828881d4e82e6b3e3b61f8c4b683ec66d5b1897d07c8cdbb6148e0b0000d0b5a10043c79114e0dada5a5757d7d4d4d4b67d19a1046dd6d3d3332f2f8f1d4e42322eb75c5bc3b82c8cdbb6302e0be3b6ada6c6050000e8dadaa500db3bba2208c5dbf74a66560e77bf902ac024272787f6ed52525268f78bdb1d6b23d9d9d9010101d7ae5de346928571db0ac6958671db0ac695f6a8c6050000e8c2700418da517159796a66017742b60013daa5737373f3f4f4bc7af52aed873dbcc0c0403f3fbf0b172e444545d5d5d571c3c8c1b80f09e32a84711f12c655e8518d0b0000d055a10043fb5252808950282c2d2dcdcecece6c23858585d5d5d5dcd69b86711f12c65508e33e248cabd0a31a170000a04b420186f6a5bc0003000000000074181460685f28c00000000000d049a00043fb42010600000000804ea24505d8c8c8889b12e136210705181aa10003000000004027a16201f6f2f25ab46891868606775a84db841c14606884020c00000000009d44b305383e3e7ed3a64d547d59dc5c116e13725080a1110a30000000000074124a0a705151d1d1a347b9e22bc69d27c26d420e0a303442010600000000804e4261012e2d2db5b5b5e52aaf2c6e09116e13725080a1110a300000000000741228c0d0be50800100000000a093505880597979797809343c2c14600000000000e824941460567c7cfcfaf5ebb9fa8b020c2d85020c00000000009d44b3059885af41825642010600000000804e42c502cc323030e0a644b84dc84101864628c00000000000d049b4a800f3709b9083020c8d50800100000000a093400186f685020c00000000009d040a30b4a3e2b2725e01ae0600000000007844daa500e716df4610365555f7b9fb85a80067a82c5d2c3b3bfbead5ab56565627454e49919f0300a03ed8c740097a9ca4474b7acc040000504f392ac01160e838746fe3ee772d919f9f4f7b75797979555555950000d0047ac0a4474b7acc040000504f05b28a8a8a4a4a4a6edebc49ddb5a2a282da049d6c97023c78faf436c98bbd7b739b842e81ee6d852ae3eeb6050574373d7dfaf4ddbb772b2b99025c51d1983b772a28d273100441d427ec6320a5bcfcce2dc66d0303037acc0400005013a58a948951f5a567472aae4c61a02ed17e05d8a0a1e161a22f149afbfb9f2c28a00ecc6d12ba04bab715cba2bb203b4177cd3b77981d38f6a434bae3eae9e955555101a6bdbd3bdcbd0fe051a0074fba2b52144e700b017438aabe2525cc13bd9191113d66020000a8276a13ec915efac9fc61f8f66d7a96a406d1a90bb0596c6cc4df7f3bdad8d0340a7017d3540166dbefa44993e8273b5f1add95a900d33d567488e336ede121c8a30a3d780efdee3b8d050b7813bb76eea409dec208d261a1f65b58c43ca2a2000300803aa35a412d77e0c0816c07eed40558bfbedea8b03070f1e2bb4f3f7df1d4293a49335180bb188505986dbf7dfaf4d9b871a3d2025c79eb76b9683faf14411e55e8f173dedcb9e667cef026ce3b3bd3046f6104e9b050f9cd2f28440106000035c716e00f3ffc70d2a4496c07a6d6da190bb07e5595c7a183b77af5aaedd6cd474b8b6dbf1414e02e46be00b3edf79d77de19356a9489898992024c775aba4b33fb7945c508f2a8420f7c9b366e747171e14df8f9f9d1046f6104e9b0141414e6e5e5d303260a300000a83349019e356bd6faf5eb459f22c4bc89b2131560fdda5a4707dbdc4f3faceb21a8eb26b8ba72a5be5028395749012e2cafbc915fa662120acab8d5e091922fc0745f1c3060c0d75f7fada9a9e9e4e4a4a400171797646565a7a4a425242421c8a30a750cb6f7f226a800d3046f6104e9b0c4c7274445c726a7a4a0000300803a630b70bf7efda85c9c3b77cec1c1813a70272ac016e141497f0fab7d4920fcafa0aea7207ce60cfd9a1ae905941460ff844c6dcf301573c427825b0d1ea9a68e00cf9831435b5bfbd2a54b4a0a705151717a7a666262726cec0d047954c9cece657b2f6f820a304df01646900e4b74745c7878243d42a2000300803a630bf0b061c3acacacc2c3c33bcb1160fdfa7ae3fcccd0cd331e7cde5df8a140f8b640f8b2206ee268fdea6ade924a0ab06358c2224b4f15b3ccc6875b0d1e29f9024c7741b603efdbb7cfdfdf5f49012e2c2c4a49498b8b4b888c8c419047958c8cac63478ffafafaf2268283836982b730827458c2c2a34242c212121251800100409db105584343839a054d50efa5d6faa80b70e56dbf339b2bc63d2bfc45201c2a107e21107e24481d37d4a0b292bfa4d2027c362866a2c1791533cdc4955b0d1e298505987eb21dd8dddd5d49012e28284c4c4c898a8a0d0d8d40904795b4b48cf3cecea1a1a1bc899898189ae02d8c201d166abf8181c1f1f10928c00000a0ced802acadadcdb6df47fc29d0fa350f2ef81916ad7d53385f20fc57209c2c10fe21108e10644dfedcb8b498b7301b2505d82624ee1fd38b2a668eb93bb71a3c524d1560c27660fac99e944677652ac039b979919131d7ae5da79d3c047954898a8a4d4a4aa5289ce02d8c201d962b5782fcfdafc6c6c5a3000300803aa336415d976dbf34fd280bb0758c57fa812fea3405c26d02e11681709d40b858209c21289cfb9e4961366f61495429c0ba3e61e15985148f1b19ec9c25d65eec1cca725b1f14e0ce4349015682eeca5480d3d232020202fdfc2efbf806200882208df109f0f6f6f7f2f28b898945010600007546a557da2328c0faf5f56699f1d1ba636ad77713ee15088f0b84fa02e12981f0b040b85550b6e1b533b9899285e5a34a01b6ba7e839d9373ab829db3cace979d43d63bfaa300771e746f2b5359a918dd71ededed4343c3a2a3e32222a2c3c32311044110f9040585585858d0632600000010aaac92f6db1105d8a8ac28f0c4d2bbff3e2d5c2560daafa140e82010ba09842e02e15941adaec02ee4aca4eb2a8cf2023cc3f42245ba00b373780598e6cc4601ee1ce8dec6fd35468cee97dc54d3e8ae161515e5e4e4640a00004db3b4b4f4f4f4649fa1010000d401f55be5a4db6fbb17600767e35b535e10ce15083545c77ea9fd060a847102618440784920341154ed7bc6d7799bc13d051f7fc5464901b60e899b6ee24aa18a7b2a209272d8eb3a3b678eb93b3b8732cfe212cd9975c68d5b0d1e29bab7d17d0e0000da15f70612000080ae8e7be66b89762cc014a3b2826b660bef6febcebcf2d94dd47e6f09845902e11581d052203c20a85b29c85dd9d736c84dbfbe5eb296244a0ab05570ec54e30b9469c6ae4ac32cf3af190a70a740f7360441100441100441904718aeceb61cd76ae4f03f04cb2c3726defe975a976ec27051fb4d14087d05427381709f40b85c209c22a8fd5910b176a2716e166f45e505788ad185a94617d8a3be4d850a302df68fe9456e3578a4040000000000008f1457675b8e6b3572f80598a25f571be93a4ae82e105e16b55f7bd147616d1708170a84e305753f08d2270db4bcecc95b4b4901b60c8a9d64e832d9d0853d0eac24b4d80c7c0f70e740f7366e0a0000000000a0c3754401d6afaf0fb8a859abcbbcef9779e5b3b9a8fdee110857335f089c33bfafb3fb59fd07d5bcb5284a0af0d9a0988986e729865763caaaee51e2f24aa61831c77b175b7bb173282b6c7d6899692617b8d5e091420106000000008047a8dd0bb0be50e86fb9b976a9e8a3b07633effb655ef9bc5d50b75a50b4ea8d0b6ea7f5abef492f2f1d2505d8e25acc787de709facee6c1f1ec9cec9b77d84abcc4da8b9d43569ef3a1c5a61aa100770a28c00000000000f008b56f01d617d605e869d68e1108a70a84f30442aac12b0575cb05a56b5ef67039a87faf4ab2a4c2282dc0d1e3f49d29e6c171ec1c2ac0130cce5316597bb273c8f2733eb4cc642317ee343c5228c00000000000f008b56301d6170a03b4356bbfec261c2e10fe2610fe2d104e12dc9ef3bc8fcd36c3f23249cb55122505d85c5c8057d9f9b2df7874c83364bcbe3365ba89abe46b90fe31bd8802dc79a0000300000000c023d45e0558bfbede7fb766ed3b02615f81f07381f01b41e5cfcf5c39b1d2a8244fbae22a8f2a055895a000771228c00000eacb5d839e05581aeedc3c65528f7ef7ddd154ee8414de7ca9cd0a04d267d072dc5c6eb826970400003542cf015c9d6d396e137204ccfb7eb769d63e2f10be2410be29b8f7618fe02df38cf332157ed9af92a0007731746fe3a6000040ad306d545c7b99e987e89ff20558d2a71b47911e8396104d4a2f090000eaaa5d0a70c066cdda2705c29e82fb2f3c193e67b2697202afd9aa1814e02e06051800404df15aab84e4a8aca4b77ea7a1c11cb9d57017afc2745956e3324d1460c929d9655253dd535180010040849e4fb83adb72dc26e4086abb757bd0fd89d831a32dc2425b7ad4573a4a0af0cd8aaaac929b2a26bbf416b71a3c52746fe3a6000040cd88abae540795aaa98dc55572e0963db77119717f952db7bc5acb9da9b0eb8a2f01437a0b0000a04ee84980abb32dc76d428e2061f870ab80007da19057685b1a2505181e47746fe3a60000404db13554544fa51b29db49a5cbad649a26a41679a8022c3f130000d40c3d9d7075b6e5b84dc861de03ccabb2ad0b0a701743f7366e0a0000d458933555badcb2d34c496617a229d1794a0b30778ab70c4b7e380000503fed5280793db6d54101ee6250800100d454638f25544fc535957b2db2d41c497165a725ad95d982e83ce9658874ad156f869d122f255e537a490000505728c0d07150800100d4165349c51a0b2c534e4524bd55721e372d5e424383ebd0d2cb10c916188acfe0e6ca2c892e0c00a0a6e82980abb32dc76d428e808a6b9be4c5debdb94d429740f7366e0a0000000000a0c3b54b01e6ce079085020c00000000008f100a30741c1460000000000078845080a1e3a0000300000000c02384020c1d07051800000000001e211460e838746f0300000000007884b872d2725cdf9523f8f9cfa99d333f8c9ef4de47fd7bfdefe5ff3eff3fd5f37fbdd8bc4879fe85179fffdf4bbd98bcdcebc5975f78f115caff5e7af57f2fbf4679f195d75f7ce58d975e7de3e5d7de7cf9b5b75e79fd6dcaab6fbcf3da9befbef656efd7296ff779e39df7286fbefbc15bbd291fbef37ebf4f070df9f18fc9fd3efbea9381df0cfaeea7af87fd3af8fb918347fc36f4973f7f1a33e5612eb924fcabf0c24bf2d7e205ba167257e4a557e98ac85c9757df547475de795ffe1a496e7604e9f2c16f28a20ec1fd1c411004e97af97cf0f7a20c67f2f5f0cf980ca30cf88a3274c09743fb7ff95dff414c6831aeefca11842697a892b094d2e88c9bf159b712726e27e6dc4ec92ba7d0049da49974162dc05be521b374edd65d078e149655deadaebda75a68494ad57d496a2aefd5548872e72ee501a5bceac16d4ae5835b95d54c2aaa6f565497dda1dc2fa594df2f29bf5f5c7eaff8369322caad7b85a214dcbc9b5170dbc0c2fed0c9331945154939b76c2ff8999ebb44573f2ef3a6eff5c48b97a35b7dc9d9b0979f7f159ab8160aaf88fc7591bf3a0aaf91e46647902e1ffa0d35b3b4abad13728f822d57cfa65e3af542e90899d449a5b64e12219b1a496a1bf3403695f71ed8387be037146945f04c8420088274bde8e89d8d884990cd0d4a58747c68645c7078ccb5d0a8ab21115782c3b50e9de2f6dbe408769eb49344ebc439e99394dda7ed8f5bb89939fa9938f9af3f6e3f6acdc90fa7ee7a6fcace677f5b4fa1093a4933e92c5a8016a3856915de465a945da7ec779d76d8ade7f87ebfcfae4727e515dfccc82ba1643229cd2a28a364e673c9a0e489935f96965796cee4666a6e192525b72c39bb2c31bb3421ab8c7223b3343eb33436a33426bd343aad342aad3432ad2432b5343c85ea3d73835e4f2a09492a0e4e2c0e4a28ba768349e08da2abf185942b71cccff094d2a0b8dca91aebbc22f32ec715f84464afda79f27c50e685902cb7eb5987cf78d804a451067c393421b3989efb45cfee77d9e7788af829ff2e3ddfb3c9a794ddcd2babca2b65925b5a955342a9a4641533c92caac828ac482fbc939a7f2725bf3c39af3c2997f903c48dec5b6cf18ec96012955e1699561641d725b594775d145e1df96bc45e72045187d06fe8839a5ac9de3c93bb5c447bf6dccebd24ec5ebe24cceebeec4e3fb3bbcfecf18b76f7efb0bbfb323bfafcdf77d1af3cfdbe4b7ee5b3d9887eeb25bffb145afee69dbbf80d455a113c1321889ac4da3fd5da2fc5ca2fd9d237d9d227e9ac77a2857782b967fc198f38b34bb1a6ee31266e51c6ae114617c20d5dc20c9cafeb3905eb39069d72b876d2eeea8973978fd9041cb5f63b62e5ab7bd65bc7c253dbdcf3f0994b87ccdc0f9a5c3c60e2badfe8c23e4397bd06ce7bf49df6e839d2fe39eda5d3be3a6fef1d413a2cd334d67b0704e99bd99e32b13e61647944cf5ce794d9e19326078f1bef3f6ab85b5b6fe7a1533b0e9eb076b838f69fc55cdf9523538029d21d98daacd5852beb8fd9f5ff67cfdb13b526ecb4d43d1fe216917ef9465e504a118526e8a48e73f0f81d67df9ab8a3ffcc3db430ad422b4a36c246be5a371549017ee39df7f38a6ea6e514a56415a66617a5e51453d2734b281979a5ec445a6e299b54f14f4a4a0e93e41c6abf547d4b12b24ad9ea1b97511a9b5e124d492b8962aa6f490485daafe8cf0932ed37817986966ebf6c683a36f3e6c4392b3d2372a903d313f9f2ed47a900532e85e5d08305fb48d4a76f7fdae7a0bd0ada9fa0bd8ac6b0fb1972bb1aa2bd0d6657437a2798d9e128a21d8e8ab482c67d8ec45ce690bb649f832e4c744659e33e474a13fb1cbcaba3e81a491e4611a4cb877e43e9b14fdc7565ea6e935d575477d97047bac4d55774b04bbafa8adb2fd737c40543f48040617fe5d9df7a5eef654b2f1bfaf56752585175bf06bfa1482b826722045193a000236a95a9f3d752013e66607144ef0c55df83c78cf61f31dcababbf5bfb3455df6dfb8f6fd97b5473b7ee191be7bfa62f64ebae3c7e0166b357dff18c93ff5ee30b1f4ed11abdc9c8f57a6a72fecd8c82b2c4ac8298d4dc88a4ecf0c44c0a4dd0499a999e5f969857763e38f9f70d867da7eda41599d5f51dd9adb1ed977eaa5283a50b70715979427a5e427a7e52464172662193aca2946c4ab1f8677172634a9228592589a224643289cf288ecb288ecd2889492f8949a3ea5b1c995a1c9942bdb75874e0b7382cb9989ea125d597227a86669e8f996768d173f3e5d8820071e8c97eea82751ee1b9142ac0ab769e740ecaa4b887e5488e00d36e07ed2eb3bb1139258dfbbbd291fc7d5d7ef797ddeb65fed62edae1a0bd0d768743facfed05853675e553e23272688723324dfacfed32d785fd5b3bffeac415c85f23f692ab4f02ec56043b2c0eb26f0c9db43758c45bec718cb95ffa44bb921fad6ed14f9ae69dfb98464fefea8acf77ef5e60696c15ce3bab15610b70934597225774d9b0755792137a46d366ccdcb26397b199656844787c5252466e517e49b9f41136e99a21fec5af922e1832bff8dcef3ef3ebcffea4d65179af460d7f435b9dc3176e8cb0cffac82afb13ebbc193629bc73db3be7cf7bd8ef5d65b56c94fda2e1767307d9cd19683ffb739be91fc9c776fa47f6b33f93cde76ce85cebe9fd2ca7f5b3fca7bff9acafce69fee37cce9137902ae98067226aad311937a345d517cf4408f2a882028ca85526cf5b4d05f8d0099303c78cf61d31600ef91e3eb5e3c0896dfb8e6dd97374d32e9d0d5adaebb61f323e6bffe7d4056cdd95a7a0001f323e6fee1c306acd89cf67eff70c4f49cd2ba1ae1b1099ec15967829e4865b50fcc5a0b88bd744098aa3933493cea20568b194dc924b61c9b422ad4e1ba14db1db64db6f2b0a705c4a4e5c6aee8db4bc1ba2269c9851909859909459284a516266a1284509cc34f3937223a3e8467a51a2f7e5d4e347d336acce583c2773e6c48c7f26a42f9a9db66e65a2ae4e8cbb7f5852516872f1f5a422e6795aeaefd3f43cade419da3fa6809eefa72fdac816607a465fb3fb345b80dd4273e821837d2462773bd87d08767f82762c98b03b19a2fd0cfeae4661e38e2ff38776f66feda21d0ef69566923fb7d305b85572a0a1e2af863b7f16179ee0fedcce1dc46edce760af4be3dfda155d1de96bc45e723509b5dfec04334a59be7ddd7d2f4a61966d7e9a1565d7ec01d24bce72983af1f418e5139d2a92f6cba66b74606abf4b3edabea8cf66369b461d3faeed63eddbfa6ec31660e9bacb2bba6c787597c2bcce5974bc97cd946933ba75ebd6b3e733afbdf6f2477dfb7e3ef08b5f46fe3e63e66c1d9d03169616defe97236213b38a6e498efab265a3a9a6c13e02d0afbf74e8a1800a707bfc865af9a71cf54cd970314dc325fddff359149aa093473c53e82cdec28f4ba8fdfe67a7bf60bbdf93fbae7d74b18af2a1e3cd71d6fcc5da29ae1e8186635e33fdfdff1c27bde139a7afefbc8f7ce7f5f59df3bedf9cf77d67bfe73bbb0f3fb37afb8842138d99ddc76fee077ef3fbfaceffd86bdec7ce53df361fdd4b7fe4f317cf5fe40dd76cdafb998842d5378aa9becc81df88a8b8443fcb78f7e321e69bfccfecf5bde010149f8f672204e980a000236a958973567af95fdba3a3bfebf069ad4327b78a7aafe66edd8d3bb5d7ef38bc66eb81555bf6afd0dc7bdac4fa8fc9f3d8ba2b8f5f8075cd5c8d1dfd3e9bb977cd29e7f88cfcabd1c9aed7621c2f479ef38db0f60eb3f40a3deb79ddc22344123a4933e92c5a8016a38569155a9156a78d983af9d306d92dabd27e29d205b8a8ac3c3a312b3a293b2639273625273e35379e9a705a3e93744a413c258d7e163213e9857134919c936a6a92b96046fab85fb98cfd85c9df3f51d2fefa31ed4f26e9b327c5eb1b5d8fcb0d61ff3e2df524cd7b86a62766ff987c3f7162326ece5cbae55278cea5b01c5a781d3d245ccba45001d639ebc53e1231bb1d950f44c770eeb0fb13b483cbee5e4847bcabc12c26d9d560f636f2990f186bdce1c86edce1a0d1f3f3ac1a6efd41edb7a1fc4f9a48cdf2907ea559b3d5577475145c23c9c3a83ae492c94c61b597c2f00a3055dc610bbf523ed179c26bbf5da3039f3ce2c7b6dfad23b4d70eda23a9c12bbed8b37fb5bdb9732c6f7955c21660254597225d74d9b02f72e6227aa9f3c429d3867ff9ea0f835f7feda567b62d1e6871f0fbdd2b062d9adaeff7616f0efae4c5f7dffebfb75eedd5f7c30fbe1afccda4a93396ac58b3f7f051c7f3172e07858444c4a5e4964a1fef95d45df641807b1c10a5e25e4ddbfe861afaa42e72c9186e97f3c5b9028519762e57e37c8681f763568337d9c5fc47cb4fb0cd974d5fd72a493e74b839b6fd6bb0fdfeb567ffe87571f22b218b3f29325b51e1b2ff8ef3ee3b8e3bcb1db5ca1d764865bbb2938e5ab40aad5871617fa9d586f05583dc27bf62f5472ffb6d7378c3359b767d2662aaafec3b7ec3e2d2937c0cb2024dd27db4a32d965fd699e47e74ede588343c1321487b07051851ab4c98b5fc92efd5edcc215fe6d5ce1b77eaacd73abc76fba1d5547d37ef5fbe69cfd20dbb17afdb79ccc062f4a4396cdd952753800f1a9da7f6db67d2b6339742aec7a739fa875b7a8698ba5d33bc10a877feca69a7cba79c024e3af24333e92c5a8016a38569155a9156a78dbc37691b6d50721c5895480af09bef320538fc4646c48dccc884ac4851138e4ecea1321c939c1b9b921b9b9ac72626253f36955290e0743e63e1ccf409bf31193f92894c07fe595280d3c6fc90366644daecc991364e81370aa92e72ed379e7bc173e3137334175f51e8497af68aedee6139145a7ec30123a76b9914b7d06c7ae0601f89defb6800ed55b33bafec9e04bb772b1feeefebec9eae685783dddbe0fdad9d7da55974465942466243f16f0d65a31acac734dc1ed37073745dc984e8941b8d07b1455744725d981d8e26ae0eef1a491e465b143fefb3519734a3dcd647b9ad8bbcb82ec2755db8ebdab00b6b425dd6849e5f7ddd797588d3aa6b8e2b031d577abaeaf3d67d84a1025c1e3ef55eeec1ea72bbbafb5e3555aef7d2b6dd0c9e92653f8057801fa3286cbf6c1edf0e4ced77f1075ba9ee1e9aa07fbfb25a58278cf34b325e61bbe2931d6c0d5efcfe56de2aaa847e43e9b18f3a2d577465bb2eafe84a3ec3562af7d877f94e9c3c6dceb80f93bc272d9bf1f19baf3ebb7efe67a541336e5fff27c77772c285f157cf8cb1d7fe4577edb7aba60f18ff639fe1035fefd7fbe577df7aed83f7dfffb4ff67a667ada5fb06fb20c03e02f05271b7a6d5bfa1bc9cf54f5d7c3efd4bdbdc81b679cde64bdbbc45e7332cfc1e8f1abcdc3242b0d5573a7d5d2b79f9c0fee65ed776bc3ae7568f719df8f2b5596f46cf7b236df527a527a654da6eb8e7ac75cf65f73d973df72ea8105a8c1676de5965b7e9a6decc8cf59fc7cc7b2378f69bee535eb35dfa336fb866d37ecf44d2077ed977fc5e4f2ab99e581877513b3bf064ee9583e9ae1b122c1705ea4ebeb07b564074567b3f1321889a07051851ab8c9bb9f4a257c0a65dba4cf5dd71987aefcacdfb5668ee5db671f7c2353ba62f5c3f65fe9a4973571f3e69fafb84596cdd95d75880f7ea3b5a9c0ff8fcdf7d965ed73d8363cc5caf9c72f43b7ace47dbda6bbf85fb4e63e76da76c358f596e3c7a76f309abedfa0e7bcc2eee3feb71c0d293729062e579c8ca4bc7c69b56a1156975da086deaf3597b68b392f703371b49017eabf78785a5b7436252afc7a685c5a587c56784dfc88c48c8a244266647255172a2927223453fa39273934e9ec8983c3a63e2a88c89bf730558fa20f0df3fcb1c04660bf01fdfa7fd312246f7c8e538e6b9999e95e969d8272a4f49e8897feeaa9d547729d430371e349114e023963eec23d1fb1f7f4ebb1decde836837a2715f960dbb8721fee33a1b663f43b2abc1ee6d48fed64e8912ed709465ee6cc8fba5a1e8b7865ba399e3c0d4844b7eafca5b703d315d72d457f5ebc286bd46928751d573c9d72d23ec5079818920f723417c5fc1b5dedc7d4acadd12a7ca02e33bf9c657ec57dafb84f2b6f0a84205b8cc6be0adf0c915e99bef24adba19303c575f907a4c1077a89bea05b853bd045a49fb65f33876e013e2f67bec5fb39afb35dc5d4aa4faee8310a7c865a223c3bcb55409fd86d246a8ca4a175dd98a4be15aae74984f7566237a97efb80993678dfde06ec4bf1561332d0f8d183ce0a56f3e7bd9e9f8cf2557a7e7f94ecbbc3435d37d6ad6c569d9ae3332cfcf48b59b7ec372aac3eedfdf7ce9b9ee4f74d3dab553f25baf3c77eed6b4ee3794173defd45fed323fb7c96d517eb1cb3ce5d5d93bf072cb48c1161f5efa5ea894cf17f6c5bc75db301756fce03bf5e5e8f96fa52d793b77d95b85cbdf2c5df7c1adcdfd6f6ffbe2f6f62fcab70f2adff165b9d6d78ab3e3abf2ed5fdcde3af0f6d6cf6f6d1e50b6fec3a2156fe52d7f2b7de93bb10bde0e98f1aacbe221bce19a4dfb3d13312f78967af70dfbfa234aa4dbe94cffa37997f765b86f4ab15b16aef78ffbd651e70d74784f3a0ad3ea67220441508091b68e47c04d7687abe186475373a4e291dbd07027c05a3247e9c20f9dbf672c3eefeecb1df2ddb27fd9c63d4bd6ef9abb62cbd4056b27cf5b2dc9be2386bf8f57a1009f71f2ff7dd5b103961e2e016127ce791d3aebb6dbd47587c9854d276c57ef3eb17fdd5aa379932cc6ff64316698e9d4dff72f5bb85a4b77dd11cbad06cedb8d5dc5b9b0c3d855cbd49556a4d56923b4a983561eb459dab86420e59114e077defb880af0b5a8e4a0a894e0e8d490d8b4ebb1e9d7e33242e332c2e23329e109596137b2c213b2c312b293b4b633ed7712b5df518a8f00375580473389d3d4f48ecc5325f4243d6fcdae8bd7b32957e20a350f9f610bf0c5d06c7af8601f89faf61f44bb1decde03ed46b091ecce7211ff659df9297a6919252fd4a4ca733cbbb741894fcb61fed02e7e99595cea8d86d4e10d993f34e4fe4cbdb7a1745443e9efcc01e1825fabb2e7fac714b08d9777819b0d7b8d240fa3aa27d843bb2cc3a0b2d08c6dbf824bef72f7a98686c2548f381fad28f7f5916eeb222eae0bbbb036d465cdf5f3ab839d575d735a19e8b0f28afd0a7fdb65de968b2f996bb89fd170335b70d164fe05e3792ea64bed2e9ce70dd4e671d39f4005b83c7c2abf006b77db32e353dec24da5f3bc04bad9f6cbe6f1eac047f77b2e7a7f0bf55bc325d675b575dc1d4bd6eacf77b5ae00d36f28ad4e0d96adb5f24597225d74d988bf4ba6f1cb63c64f9a327fdc47d551736e074e2f0f9e11e33cf6f7616fbdfdda7347367e93e33d35fbd2b4549729498e5312eca6c45a4d4eb499ea76f88f1103dff87ac04b9f7ff4bf9d7bf6d22fbe2ab973f741eb7e43a573dc2be53b9baccfac725a916f6db28e7a26f336d879f2f3896b82cddef2e9eb52a930bcd5db3017970c099cf96ae2a2777257bc5bb6a677f9bade15ebdead5cf57ae5b2172ad7bc55b9e1bdcad56fd074d5ea37aad6bd53b5ee6d2e6bdfae5cf152e5ca572b377f5cb9ed3366b1e52f56ac7ee3ceda3e37d7f4ce5ff96ef2e2778267bde6b6f86bde70cda6d5cf446ce9953c1351ef957e26a2b09f74255d7dd9d71f5dbf689ce0b62bdd634b82e39a7093f9be07279ddff09bc3fe95bc271d8569f53311822028c0481bc7e306d76699669b6baf700e1751d74dcdbd215d809b5cb86df2d7b4850eae5e2b34f751f55dba61f7fc55dba72e583765de1a5e7669ebfd36fe5f768f511e5780992f2e32383f72f57117ffd043e6ae3b0c1c379db25f77c27e858ee5dab53b2e7cfb85d7c76ff80f7a2b70f83bc1bfbc1bf25befe091ef788ffb4c77cde245fb4d571db35b7dc261cd49514e38ac3dc1ac48abd3466853b441da2c6d5cfebb91144652807b7ff80915e0cb6109572392288191d4845383a22969c131e99490d88ceb719921719991ba8793c6fdcab45f51016e3c022c29c0d47ec51db8b1fd4a15e0d451c3220feb7a45e6351bda0998bf768febf56ccae5b882cdda671c033328d4872505f8e3cfbfa6dd0eda6f8813bd668c7e4af6279a0a2d937bc5b8c1e4a51a9b0fd8bd8dfc6ba6f7bdc646a689ffd09e529271c3ba21fedb86a4a10de9df53e96d281cd9503492f999ff2b55e2fc14adab3131c1b121bc0bdc6cd86b247918553d11ee5beee4995001e6e54eae71acd7e69b39f6d9d386248f1d143df253eebe26562f7c7033d320f78659c4a575e59907cb33f69767ec2b4fdf733b6d574ed436279315bc81da3c763a7fdff4faea965401ce37687101ee3c99e150ccebba4d853a306fdd47120393e0ade3f5b74d343ceb91c83b8b8da4fd9edde8542face7ee37725a5d80e9379456cf179558c9d7a236d5722561bf3926bba83c2da72839232f2dbb60df817d7facf87abbedcfdae7473979fd991830ede6f59967f60feffdc67f860e7cd5df684ca6ebb424fb29f13653126ca69edb3db2cf1bff1d3de2ad749fc97ffff4cecebd7b780f024da5bcea41eb7e432531f04919629d31c032abd5f9d63a43bf53be25f8a7e38adb2fe5c3f3950ac3db421be6d2926f43fe7d2d75f13b45abde2d5fd7a76a7def7bab5fb97f60f8830bbb6b6ef8d6e6c4d4c4793c38b7ae7adbc7f7d7bc5ebde93d261bdebdbfe6b50727c6d684d9d7de2eacbd7ba73627f681c7e17bbb0757ad7af5ceba3ec5abde4d5ff24ed8ecd73d5a5e805bf74c2429bdec3311537dd3cafc6f141a05a66f778f5fef123bc726fc5fabd09996d7179d0bd33c1fa3eb95e0703dd3373adf3b22d7d3dee88ae1dc6b46f3fc8ecf72df3bf9e2d115972e79f39e719a4aab9f891004410146da2d4132cd56f19ca666529a9aff50193365bead93fbe2f5bb16addda9b166c794f96b1566fb8113bf8d9bc9ee31ca630af0eed3f65617ae0c98b9c7de3b78afb1d3fa63d6cb0e5b2c3e68b1f0d0d97fb7eb694f9fe4fbf93b413ff40efbf3bda8291fc4cdec7b636ebf84f9fde2677de0bb68d43f9bf62fd8abfbcf0ebd79072c340e5b2fa41cb45cb0ffccbc9d06f3b54ead3c68b2dbd09e364b1ba7216820e92ba0309202fcde47030a4a6ef986c4fb5dbfe11f9a10109678253ce94a44f2d5c894c0a854cab5a8b46bd1e99ece4e216346c48ffb2565c2c8c6f6abe025d0e2c3bffc974073059872cdc2de939ec295862bc021d994cbb1059b75cc2505f898b53ffb48f4e9a021372baad95d0726194cd8fd098a64df423a9997ed1a0ebdd270f2a506b39722d3ca6e9edbd66038ecd6f979d2af312b8cd46a081bd410f5355383337f68c8f98939149cf74b43decfcc74d6cf37628dabb2e604c504f12eb3f2b46eb7e3bacfd124ff6d89be9b137c36dff0d68cf7d68cf3da14ebb931c66363f4a50d29c1878b537592c77f49ed3764d8fbdc7dada1a12c373cecc2fa10e7d5d79c56b1c7812f9f5bee6fbbcccf7aa98fd5122fcb459e160bddcc16d87904f0866bdb9cd9f9131560de11e03451015e37f163dec24da5f3bc04fabb93094d65a85e2aaf031f704ee1e5a86b2a6f83ed97d3a72e6f1a7d825a2b9bb5c30e99da45f29639b2db9d6dbf0e7bdcb8fb4d135a5d80e9379456cf157dfd29fbb5a80abb2ef7a5a9ec9718899298911f16191b9f98949a9a96959b6bef60d77b4eef2716757f7ae6d32faffbef20e3b78f1e1a9d7f79ae97e96f3f7ffbfa277d7ae9ac1e92e9323dc36986d9d61ffbbddb6bda1fefddb838bee0cab4d1dfbf4505986d1acde6210bb0957fca289bd44f2d321f32bfd8a459f975dc5da5d9987aa77cab7355a0e9d5543e74ae5418de76da301e4bbfbd3eeb35eaab25ab7bdf59d7fbeeead71ed8aea9ab28113634b0a917459813537b6cf483b5afd56cea53b3fead3a8fc3f5b50f98f952a92bcbaed69f52b1e295d2d5bd3397bd1b31f70dcf9617e0563c1371efef151fef8d4c2b3d1b92b5d1357efdc578abc89cd0dc5bf14515372b2bca8baedd2c2f4e2bb91d98516a1b99bdd1256aa96dc8718fd8f32e17fcfdfcce1edbe67068a1db7947de738df2a0002348ab83028cb457ac6f94dcbc715ae11c8fdc86c6b39a28baf2abb745fe983cefacdd8505abb7cf5bb96de6e24dbcde2b89e69e23cd14e0e3166e6b8f9c9bb3e78ceed90b2b0e9acedb65387387c10c2dc3195ac663d71c3ef7d7b0a09f7a474efce0c69c7e29cb3f49dbf069c6d6fe19db3ecddaf2c9ded58b57e96cd4bd347185eeea891b76ffb5567bec5a9dbf571ffc6bc58e3f972f1db769ca9c1d9a4bf6e8d36669e334842a07812505f8838f3fcf2bbae9752dd63b28ce3b38de37e486dff504ffd0c480b0a480b0e4cbe1c99723527c2312a79f5eeaf9fbb0f0313f24fef513955e0505983bf62bfa042ce9f62b39023c6a3853807f1f9a3c63bce7f50cf62b8e9a0afb247d21248b4205788bae857c01feeceb616577eeb32f15a3887623984451447f4d67772fb8e9b4b2d81b99757b3e69d8fb7a83f6cb0da7ff77d7ecf786435f361c1f7cd7722655dfa08822bfe3f99e4bf2ae2fbb18bdf66cc29ee3b7dd660863be6f48fbbe217d4443c60f0d593f3664fdd490f94b43daaf3971ebee65ffeb1391c2bbd84ac25e231bd907d36643bdb72ccbbe34d3b834d39097920cbda254ed8204adfcf8cdf9f19aa26cca8fdf981fbb21c2754d799ee93f810d83dd1afe6bc3dd0539f50fee171dbf57782c2b6acf8533ab78c3b56d8eaff946fe3dc05480e30f755bfae747bc859b4ac7bf047ad0f22baf4df755316fcc70fd78911e7560e9f63bdca4f8d3ad71f2f9e9603c6fac36cf091d9f753fe8b2bd77dda03dee27fc4ecdb3a0e9a59f6a9d3adef8f70e9d1daeec32b40077c7685aab0b30fd8652dfc82eae147d032af30545928acb45d48dd9ef2e62935958eee577353226262727b7a8a4a4b2ea6ee5ddbb5eee9eeffdd547f08f40d05320785720d82578e2851e9f7dd2c7d9667cc9b57fb62d1ef8e6abcf4ef9f5835d0bbe7eedc567164de9571634bd38707a9eff542ac0bbf7ede5758fa672fbe10af09af3899f98a7b749563a77d00ba1ff3c9b28389640e96f9468eacb3f9742edb7cf1e7fc1264f25e1f55e49789b6ac3782efd366cf66b194b99025cb9f2956acba5c2fa7aa6f43244ed97fd49292fa83d3ca26645afba0b5adc1c7649668299a60e5c5b79ab4ae7f7b2e5af652d7b3772ee1b5e2d2fc02d7d26a2b00bb0cb9f09ca5ae71277ec6a7a62496579756dd9bd9ae2aa9ac23b771e842f12864dbbe7ffdb5dffbf8ba274326edecbba7d2f22f7d6fef3575d5d5dadadad8f1f3f71de27ec5248334fa6bcb4ee990841100a0a30d23e615ede2cfb265ea939cd1760f9d5db26a326ce31b5729ab37ccbcc259ba6ce5fdb543668e934f312687367fffeffec3674f45ebccf70c6961313361c1db7f1c4df9aa7ffd4d41bbb40f3ea984f2227be9fb8f0e3b48d9f66ede99fa33320efc480bc93fd8b8e7c3179e9c60376ab4caefc7dd4f3b79df67facd29f34fbd094c9fbc68edcfdf3173b878f393eea8fa5aba66ed4a5cdd2c669081a48fa0a288ca4007fd4ffcbdcc232b7cb5197aec67804c6785e8bf51235619f901b3e21097ea189bea149ebbc2cdeb7d258b374ccd551dfc7fcf563f2b85fa4ab6fdab85f33776cca7371288c8cc84f0acd09754a76dc1c7feaf704fd510906a3920c46a719ff9171e68fcc336372cffe956ffd5791cd9f31ee472e85315f71d454d8276997e02c4a80a8003b046650a40bf017dffe585a7e9fba6b18258549780af332664968dfa2f1646a69a9e18a06cdde0d5a6f35ec7fad41f7a506fdff359c79a9c1f6f586731f8498f89fff31ebe2905c8feff2bd8616780e2d70ff2ecfe59b2cffd9ee77affdd990f85d43d2b086146ac23f35a4ffd2903af241d2d8faec5199498779175b495ab7db91e4bf2d3fee4866f0f68c6b4cd203b7a55da56c4dbdb235e5f296e480cd49fe9a897e9b127c37c5fb6c8cf3da90e0b73ece7b6d66a44eed1dabde2e0d02b36ac1de18ee3e28525fffe05ee191bbf9da9539072f18cfe30dd7b6515880d99740ab5e803b3ebc8adb6c3efcf7a07401a6f6db7fc70d5ef5958437569b87adb59b871ef2330b623fd18af6f22fe87a2f7e6fcba2f7b71cdce048cfdf6cfba5390116c1ecbd42b9561760fa0da59a9129f97254a606734d988de80b7b99efec65935170fb92f7e5f8848482c2c28aaabba5a5655939b919d939a74e1c7b63fa6b82b502c1db02c14702c13a81e00381e035c17b875f333ef7c79d6b332e9cfae5b3be2f3cfd54f70df30664fb4c2eba322d3f606a8eef94d1c3dfdab56f0fd73d9acbc3146073df942fcf24f7334b6d69fe74ced91d5cfaa9799af4cc2fcc53cc7cdabd03ff699128387a4392e78edfd0ba20f3ea6ba6fdeef6136cf46c2acf6df65c611df9a153a5c2486faa6de3b9e41bb60097ae7cb372c717b537f3a8c736365b4944738491e76b767f595f754b3287494db5e864835028ac6b68b81fe75db6eaedac656f47cd7dc3bbe505b8a5cf44ec02f433e046a18e6fca3edfd4d4b2aaf2fbb5a5771f14563e28a8a8cebb535d19b5b12e62b6b0d4b72e69bbd0ffdb22a7a13e370a620b2be20aeeb8fbf8bbbbbb1f3f7e7ce731d38b81899742b379cf35ca437775146004695d3a6701cebe79877bb61609f6f7e4cd97cce9c8cc58b4e987d193e8276f7e27c916ddb373566ad14fdefc4712fbd48686d420e573c45150809b5ef861f3fb845906e6763397684ed7583f75c1baa6b276fb216505f880a1b3be9def88a53adb4fd94cd9a83b66e5a1df561c1eb9fae8c8f5a77e5c7574f93fb3c2277c9830bf5fbae6a7d90707e4eb7d5664fe59b1cd6725f6fda38ffc3c72f1669b907576a1732d02279ff61bbde7c2c8955623ff31fc75ccb19f871cf861ecdec9c3ffddf8c78a03b459daf80fcb7468201a8e7735789114e04f067e935d50eaea1f713120eae2e528f7abd1d4842f05c67a5c8bf30c8aa77807df1868b7fa3dab05834fcf3a3beabbeba386dff8eba7346abfa2a4ce9e5ce8ef7de7ce9de49c8a4b114c68824e96a678e5398fc977f8aed079e8ed8bc3ee7a7f5fedff7ddde5efebae7e5f776df8fda0bf2e8565b3df72a430ec93345b80d923c00e573328d205f8ebe1234bcaef852415b3b9cea5847ed2be0885a6d9094a444c46c3f28f1ad6bddfb0e5dd869d6f361c78b5e1c88b920e5c63fb89cf84800b238a2f7d5fe23dacd8676811d560b7ef729d07a7bb8ebafcffed9d07581b47feb0f54f9cbbc42d4ee2386e714b9cf81ca7bac42d71efbd6270376e60d38bb10d188cc1607aefbdf7de7b07d104484248f4de41a24b82fd66b5622d2fc542c1bedc17cdf33eca6af637332c6177f6f5cceed0634f42a5db20d21f50d91ea87c3f443d08951d1ead38ccac3e1d9f4fc1fce49321d86d073545bd9deac5ec6f1a1ee818ee6fe7d036dcdf0a18ea6f19ea6f1eea6b1aea6d1ceaad1fecad1becade9eb249424a877d6d830bbdd86bb5c863b1d873aec87da6d06dbac065bcc079a4d069a8cfa1bf5fb1a74fbeab443ed6f619a9b59664480dfff14688cdfbe155e019eda7e0198b6661c4480c7bfceaa288624f38306d8a5b4cf187c4a7eab9a1b5cc4ddf766ca0b2fe16e8d258105189ca123a3a3c80230e8e2a8b0097364188623c6086057406864714909adb2b2b2babab2aa9a42a595d32a6855d5a656c64b6d16e35c70383d1cacc10f70b847389c360e67879b633727d0fd7467da654af8f948ab83ada962f58997ea1260aa63440eef5caea1ad5558d1ce0f7f45801583cbbe73a2f2cf668f8a6799ad852d0303cc918161f6065b02264036888c6962c6d9604bc2196311f1a0207bf543898b341270ca319301dc18c4f8a7577d1bd83b216843334edc83310196fca2cf538e052c17315b16939d60cab239cfce74815d17c9eceb18c972e5e82ec787bb1a58aeb759af76b173bde0afa3a3ec5168a88fd1a9bdbb4662b160023cad9e08fd1a5a587fdbbf3898d84c1f6235f6f6d0ba1b531b53fd2a9c4bdbab6bbb07fb0ba446ea3dd81506a38dfe23516b4921d703722b0b1a7b726b3bed1ce0f4cac0e8c40b0fa73822a6a3792b420116224460fea602dc5066688f5d02269b561112c29d0d5adb59e3e81e8aee7a3f00fb05f70fe0939793a2f76e483f7b6ae886097ecf00ef0566eee4eefb77f0732b3c1da3afe37378c00af094c17f15a0b5168e5ec07e45a7444e55eff0146f8136738bbcafe72e65e8714bddfc98d4cbddf7b5ff90d4db2965b453ce62f33d5d739143c557beab50585ff37243a30dacbe1d613f76c6fcd89df88395aad859259538a24664914200fe8e6bc645f38423cf820e49ba1eba68b9efa0f1de838a377ebfa10a2a04d582caa58d3c40436f9d058d0af08f1bb75737b40527e08313f243920ac2520ac301a98488b4e2c8f492a88c12b3c4d8d51e77106ea89c893cb8a3e0d82ecac9bdf0d8efcd8bdd0df5b406baa247ef09833e84e3fa7df26ebdd47a7a4f477d5ffab9d1acbd23d97b4773f642f87d50de5ea8601f87bd59f8f8087ced64c09db4bc5648560d00116070a705e015e0ad7b8eb6740d6492e0b76266925bb2c681bc36137973668d8735747f3d24fd1da4b406525d013d471c782164cd7160ef254ceff5c58a1621fbbbc2f77646edee8801267ca8929e79ab3bf55a63c05da8703b54b81322ec864af641c48310e908547e78b46a3fa1c413f3934f067244e865944f68a9eac37d0da3ccbcd1a1a88988e410313a183e32103ad21f3c32841fa4e3cbd2750aa395f32395f0118a3961f2d9217299c132e981d2a90152c97e0f927c2413bd25f091d2c1763731cdcd2c4080eb427febc29fc70870aef6acbff31468d46cebda06c1a9eb93da84e600eca2eb4026d885e6a002fc56fb0560da9a711001e65c73b0a989daaab6db10ec955aa75e9c50c6cde549ac6196976ac8f8e2020b303843474646a90d9cf551510d1e33610c39c5e5f18989d48aaa725a25855641a1d1c027a99c564aa93036345a2ab518e781c3fd81c3fd89c3c9e170bfe270eb7138751c4e04b7fbc0b7c501220df1a24d8962353197e05591c067cca58a4891c3db973f7ba1954f8387ddde0a2cc0d33f43110eba11d73a50decaf78e941b5175c1d49eee0156df10bb7788dd37ccaeea1c58f232799559016fe45ed777fea7f2bb031967441ccf066bd2f3e0d2394f62714ad193b1d724cd89f3b22e5880031813c2dbd6ccc211e025b0004b7cde1f67010b30f83b039f05814c992f98b25f3095968d546471ff7c474720267c22c3060c41ecf0e7cc87f398f25f319f7e37da520ee78c8c0c31595db6d76bee2e144c80a7d513219fa105b0fda65476740fb2dafa869d283a56a4c7a6a50a4ad9274d0b5f905b194dd44076c24676fc6fecd0e5a3c19fd7fafd1152589b5bd71d914db0b0b078f9f2a5bd6fb86554c1e3805c4c47f35604eb8984081102f81f12e00933df274077c17517f90489cd660f0c0ce417126c1cdd665c3b51c10660768d07b55fe4c7e3dd25fe50f97d2bf11bd39bf9c9795380c707cf2887ce5c35b671c3e8ee78a49fbc9c6a1d603bdff89d12068f2cbccf29e8efb9ff62eb6dadcd7775374a18fd2a69fadb55d5a48bbf91efacabd6dcd064f5539bef4f5d713f75a7ffd89df5436ffa8f9724a495ac54b3a80689a51a9185f2be39371d534fbf8a3ca4e875e8aaddbe731687b6dc7af0db4d4d5021a81654fec8c20734049ac31c060654807fd9f267655d4b406c4e405c6e50425e50625e70627e687261584a51580a213cb5f856b8e54a77f1551eb701ff71163739bb2be1d0b6e213bba9a7f7b7a624d2eae9174db9ea8b0af031fdbeb3267dc081190d8950c141a8107080c37e188e00571618009b9d0c4265c72d39cde0ac6a00fc166843d7f102bcf3c0a9a6cefe7462332083c4fde4002fd50b00b723e8d70ead0790f88f90c47f20f9b590fed790cb72c86b0514b00ac66d09e4b410f25a0c057eddefb9234fce23f0600f30e190bded413b1baa9d9fc28f0153ff80f03ba19c5db0c68323221c81a887472b0ed49335787fec29408e08bd8cf24945aa3a73a0639cf70210f58d1c1d8c1819081be90f19e90f62f705b07bfdd8fd29234324f650197b90c81e20b0fa0b587db9ccde0c262375b82761b83b66a8337ca823b8bdc23ec8e606a6b999c545736fbef5a22c8f6d35b9b29d44e996f83f0886ff8a7cfc41c4a30fff27a640abb951c1a94bef67a13900c48ac12e340711607eec1780696bc6c1087003a5a5b1bc85fb058206e883b6129ee55995dcef3ca9bdb653fbb805a638920416607086b24746cbe0f55139eba036be36e14ac484c7a0d6773aba79955169e51588fdc2ea5b4ca6161129c56534235dc3a5e717e37c70b8a538dc6a1c4e07875b848393380eb711376ffe7cfd47271a622f5546885486c35470a085c202aca1ad85cc4a7d2b408005384301ae0994efec88dfd891a760b737cd38afadb26b08482fa0a36f98d244efea6782eda8f2f625ba294b5fa5af342b40e3d7da919ce2277e77f74ce19458b1da928433248ee7ff0c8a718f13704a51e399f338e6815b3e5a895f5a25c67b51d098190716e09b88007fd19f640304789423c0ec642ba6f402e6a3954cf94523b99edc3fdf3713cb4302b65f9555cc472b4628c9af05d85e7c4c80a7fdcf6dd3ea890029a5cd3a71e549951d5d83acd63e78dab32d592db3258ad485070efc28e14e12b991d2c6282ef06f0c3bc4f4fdaccdebfbe8086befec8ac2d2bc46ebbd719692af0c0dddd2a8e9156dd23e992ec9e598be666a04eb8984081102f81f12e0900c526de9bb1a18e407e096e0928b7c828408309d4eefecec049962f794e5b5ac304504066d0523b4e3e1b5dff1f1358d6db22acfaf3d54e5cd7ca7c02b1bf12452cceb757d91043fd9cbb5dc37778dcf79074b0103017e65e104fe674d8dd4639d23e76f707f887109e71294bcee8a969285d70919bd9d77b536ded2faf9b6ee8ff78cd6dd35ba20729b22f66de5ed35b1f7b738491c7492dc9ffce8970e8f55bda5df35466ef9564cc5235d3fbfd22abd4c2fae4435384fd23df39279fc1155ff43779c0e9c333cf31f51a59f6e69830a41b5a072d0c47fae6abd7541605480376edf4bad69f689caf28dcef18bc9f18fcd0d8ccf0b4cc80f4a2c084e2c0c4e2adcefff0c0830ca091d91b0fddbd20feda43e53067fca8a1ebd270d5fdb2f505fc0d15730726ebd206088f4984780390e5cb017d051f00079c9f38410aa3a6eca6804675603906590c60b30f8c36dece84f29694a45296d4a2b6d46015fd11cd6f55dd0d55f600796fd1ef25804f92d8582574291df40f1df4329eba1d41fa0e4f550e23aa870d330e190fbf17eefa3bd3e07bbbd77b7f8ed2ded4d3b0991b743c4ed50ea2e28751f947108ca3e02910f8d961fa2936f637ef2c9408e08bd8cf2c9e4020c783df0cbee0b64f7fab318be2cba17b3c783d9ed3adce534cc9dfc6cc979eb153cf3b99f33f3b9b7f6796fcdb38166d710bb773b051a001cf8d1d5dd286a22abc0e7dfd97e01a8d96e96c944cede1b462548cebec7b9480ed885860101de6258cc8ffd02306dcd381883a5e654296ed4e675e00953613451ee27d87231c59124b000833394c51e4116472dab031adc0d341831615a231d3161044279adab8717b5aaa68c0aab2f81545e448429245208649aa191c152e5c5b840ce90af1a0ee78ac35dc3e10ee270b771b833b80f0e7c24faf08f9a30515a88083544a43c58046cd4458995055edcbb79a99aa606efecd32900022cc0190ad08b20adb6214ec87a07b24c427d520da36780d533c8861960d15a7a09355dc07e911ca38c9a25baa94b5f652c33c85a61568096d50e27611a9a716007b620e20c26413d1da718c5cb6acdf857216ffc0dc302eccf9810deb099050870fecd25d5c80870c873588091e9cdcd652cddedb000abac1a2d8de2fef9f2a4d1b60a96ce56a0be70ccb30da35df51c011e1d1a1cec343d5b737f112cc092d316e069f544008304aa575143d700b365ec895f4ba27a4967a651b1b46cca89c7f152c9946622f823696224535afc722a9d93ca5cd3cae309e51d8efbe821528d06bfc75aca78645725d0dadd732b1efbe662fa9aa911ac2712224408e07fe119e03674b63370604e4e1f3a17fa7d022e8ca06de413248c008746c44a29aa810dc0fe9362d7a5d430c5f901298e80b40236303128c07b9148d47e4142e34f5d12bf21adee1e9adadbdb77f4fcf52706ae68c17f324080b58dedc4ee3d9a1ae9272f8f9cbfc9fd9d8e4b38cfb0b42f4fabde7ce1705ac1e08ffb3a3fded05a73f5c5d22bba9f89e8fc71e6eeb93357be3925fbf545b53557b5d75c7ff1e5f9a7df9c5332b8b7cf51e5f0b7d795f36a1c8baaed72a8c6c944ad8842799fec6b36c9c79f871c92743bf8e7a3cb5f9d515973550b5408aa059583264043a039cc6160400578f31f0729558d9e11195e9199de91593e31408373fde3f0fe717901f1f9c0847ff396e3156080eaad83b1fbb7d4850596d73150f53daecf1dfb4505f8885e1fa58ed1571bf4da7eb9f39fe111e0be0231e425cf13023a69f0b71894590d00770c8ff5c70418ff7a1de07d2745ebdbfb928a1b11923980bb104072310cb2cdf9da089df91dbab409baf60b74fb47487d0de4b1140afc1a0a5f0dc5ac85bd376d0394fb0b54b4b9214ad24f9a627796e9746ad0e528c3655fabd3f6aa54296b88b019267d0714bd1f8a3b04251d8548fb46490721f211cc4f3e19c811a197513ea1a5a80d0fb4bfe9bd9123ccc2d1c1a891c1b09181108efdc203bf2c86378beec9ec711bee721eee7418eab01d6ab31a6c351f6831196832ec6f7cd557ffb2afee456f8d26a35a8d51f9a4afd136e8dd0bf0d4689af9be720837708a041b488eb2ae132f68e4fb04355b40745e1b387bd159d0c8fc6790890600d65cd25e27978c11ddc9c0b435e3600c160830f83a8503b3986c9f6761482914eebeb124b0008333140870694d17706054835f0f08a363c28d747c71b99f7f20a5a2ba980ca49787d23101965f8cb3c7e18c70f093c009389c2e0e278fc33dc1e16ee27062ffb7fde6c612afcbb420918a60514a80488cf95155f15f7f5abb68f98a1516f6ae9ca731df0e106001ce50c0e3a0d2955625bcacb22a391358e152d2dec818ee1e60a134f50ce65576106abb3afb9968e6ed20d212bdb4a5fa994b0db39719e57e6d568054a214f8ceff5a10f6389271faa513a385c72946e31422017b8cd31ce3b0afe60202fc8d1f6342309133082cc03738022cbda4d7e0106ba017782cd781196d2375845142e848b4de88b70cdbe93adbf906879b6cc76bec179b59ca5fb31eaf61ca2f62b9882345d81034d4ddd6a9beb15672a960023cad9ec83db3463982d4de3fdcd237dcc818aaa70fd6760f065578cba61f7d90b25f32f6a85d72421aad95d0442f68ecc9abefc9a9ebcea8e94aadeaa42518d31df775fb8a93651786db6b79e5d586929be3a92d57ed12307dcdd408d61309112204f03f3402cc0bd457f357a6434b3fb3bc29a3033e31f953834829f209124680878787917c90fafafaf71d17c114e707b472de0d4c0c0a12a3a1a1814422098defeaa65fbaf95046c33c2d8f6c6ee7062e9268c17f3287ce5e7b6e6073f9becad4c83cd53d7a617201f60a4fff68bfd2cad3f21b2ea92c3a26fbf141d959471e7d70f2d90727543fbdf0e24b69b755c6f893fe3532b14dfa7974eb52867248d186fb46f32feb1ed6542135b8531addf01516a9e49751454abeb937ed534ebe8c38a8e073f4db1bb73f38f20854052a04d582ca4113a021d01ce63030a002bc75cf515245bd6b689a7b58864778866764a657649677748e4f74ae4f0cde3716ff9de77d8c00ef30bd1cbc7f73333e3bba802bc0e3ed1711e0c83c06a331ebb5008fcd7f06b00a8e22efb89a90e2aace6b0f9ff208b033b8d302000106d70ee44a04fec7d4b6f5c617352470694c2434229f08e876865f11747c3b741638f046d881c57f841efe077af10de4b30a8afca6cb7f67d02307ddcb355aa27d2f2f0f1b88b14d45d816e786ac4f306c0eb4da6caf70db170feb312073231470000a3e0c851f87c83b470b0e4245c7303ff9642047845e46f9849a0c04b815555f0e116c268d33ed1919f80d78dbc0af417f835e5f9d0e32f0cba852a557aad0694abd75a681ef780a349f04c5e1ed03d2500746907fe160e818fa5fd1605eb995b12183b3179d058dcc7f06996800e093b5e73edbadb7e25ad87f548a30ba3b1e4c5b330ec6601101060007eea8efe2e68ea5fe9e01ddd35648002fdcdd634960010667e8306b0459651768309163c2e4da6ed884610d7e6dc25905241f3f7f4259452191c24b0147800df4f497ee5e8c53c6e196e170bfe070119c0780e7e270aa9c47823ffebf4dbfff46f4bb4ef5bfe4aeb1efca91efbef9fab36fd77e7f5ff6b14f586c66693dfa76a2a9e9e91b16e00c05c8fa957c6d414039e2539edfd4d7d1cfe2a5ad8f496aa4a7515a4beabb3bfa99687ee7006bab0d7eb15efa128e002f35ca5d6692b7dcace06b8ba287bec59886de1d7b1c49b857a513f3b208f728fe86430ea608022cc0be8c09c144ce20af05586e65afec62666108578039423b5a91c536d8c35258cc92fb12fe7ccd1296f20a60bf2ccef0ef4823092905bf059a10d529bbbcf6e1d704810498ff9e08ec7d1c46caabef86673ec745b5da9934e0732bbb06681dfde9d416df4c9a773acd37bb22bbaa23bfa127b7ae3bb3b62bbdba33a5aa2389d6dae3b49b1e7caf4e67034162815b44823bbed607687645c759cb184c5f333582f54442840801fc8f0a70368d24f04bb080f75e7ba005ee04c0e7b41c18114e544d5101ee2691eeec3c10bae65bfc9f7f4285855063634048e455c92798e25300ea44412ae7ddc004a32031e305f8ccd5070f558da2520b23e3522edc92b5f5892b26518e5fba8329fecfe4f0d9eb6aba1657241e4f8dcc53bd6317c5b9bfd3718923c0075570bf5fc36db98adb79e7837d32b38e3d9975e6f9c7a7d51669a7cf33cefbd9b1e48a2fe549748d4d4e4b28b92bb99a91d2cc5a2a69f1e52d9d9daad24e295ad934f36ceaab84d2c70179e256c9a7a53c8fec513b3def9c22a80454052a04d5c295ff7e0d34c4bf00efdc7fb2945ae71c9c021cd82d34dd3d3cc33d3cd333321be01595eb1d9dbbd6f3fe0af75b285fbbdd04dc913fd6989b159dcf98507d110e6305f8f503c01c013e82e998790177cce0778aacfd9b4e6c7ea4e78808702410608f04e44a744c44bca6b537aeb0217e0cde6d94e8fcba64db4ce8d01f5c0716d904cf85bef523746f3de4b8aad36dd3d383290ac7ca142fd4295d6e7b7cad47fd5aef0bb17efdf3fdc6c77b4cf737996e2b37fe110fcf914edd0025ff02b91c823c8e415107a092ed23198746338f637ef2c9408e08bd8cf2497992eaf040cb6bfb1d8c18190c6331cbd1277e590c6fe62091ff815f7ac5a31eaa624fb91ca35acfdfea3aa6b9f706afeee24baaec7c9330020c000e0c6e4f633268efd98179e51600ec179cc0378c4ace6a15820dcc23c10020c0f3b73d5fb0cbf4f37d96df4824618c1703a6ad190763b0a8003bc9fa8ec28f496253ba175e6a9d3a1283c2dd379604166070860e31d984aa0e64a1dd093498332fbab4ba333eb3d8cec905b86e612985175880493403dd574bf72cc6ddc1e1bec1e136e3706e38dc56ce82c0e69c29d05f7df8c79e6d0f2efcf6ebf75fad58f5cd9193179c7dc2324aea72ca5aa705106001ce5080bc1f61b95921ca7617a267496b3d7da8ad9f8950ddd99f4d6b4f2d6b2136f6001346f301555d835fe9a67da597be583f7389012cc04b8df1cb4cf297991548f912300dbd3bf618a5e29e65e2f44a26e386e7c40f24c302ecc398104ce40cf25a806597f73efe9e555fca1560081aa9cc663d5d0bbb2e105d9555c075b1a8ac069f4caddf468a23e052102cc0fdde0a9d929fd73e5c09043861fa02cc7f4fe49351a5184e84877fa34219ee560c67f3f6dba72a0c5e50dafa48adbda52d8c926606b19551d6da0b36f075dd69559d49951df1b4f63c7c0cc3766b8fefcd72c5c5c94ffeb049a27a14d4b917d6c751db4e5b4461fa9aa911ac2712224408e07f45800d5da3a03612fa55e01160c47e99ac1184693930229ca89a22023ce0e848d9fc29f3b70dc3b7af0f5d3839fce92709abbe7ef5fb9f8f741d31c5a700ad73c20d4c300a12335e8053b3f28003bfb40deaededdb774254d72eb887ced87f520c53fc9fc9e173d79f689b5d917c3c35b2aaafa61260cfb0b439c7553f00eabbfde687bb253e3ca830eba4faac339a5f5ed1fbea45ea02a39cf5f6c522de65ca11d566194d01c4cea42a86516addb792da4989e69b14f417ddd25a27f568ef3399c35a92db1edd5d7b5b72b598d4a28b0ab32eeace12d10355810a41b5a072d0046888ff29d07f1e3a43a0d43806263b05a53a07a7ba86a6bb8566b88567ba47647944e6784466ffe2298b48ef72ce27c27afbeba5e1f014e8c9c67e01408029b58cbe9a609ee15f587d117a0b4443b26b260374d262f7941101ce20352bebda8f09701db8702057a25362f7ab9a1931f9f5b10593129e530b57184d666e3dc275e0331c07bef22b74f327c8644d848c84c48ee4fb87f3ee9f234b8855495d6b90bfd6a222d6feec5cbbced196577b6a5e6d29d55b9f01457f07456e80c27e83cc8f8eda1f8752b743f86d2311c747e34ef2fed853801c117a19e5134ae2d3e1fe6664e097fbc4ef40308b59cfeef367f572067e074b271af88557fa9d70e0b7872adf4d91e92e7bc8a87cee67790dd3dc7be3954338ba1d1487d7b6f007ba8be62098b984b775d2c16d6d7856d7fb74608cdffaa4368113187c221b76d1759800548011a676604c5b330ec66011019ecc7e91544f6e52df03bf1d1a85bb632c092cc0e00c05025c54d9410070341876601e0d06e4d3dab3cb5ae3b3482ff5f48b483460bc180a89543d43dda5d28be1d58fa470384d1cce168773c7e10270b854dcc72e1f6f905dbff7d49e1f7efcf5f643a5a0f88c94a26af4a5bbd382de3f2cc0190a500b222c35c97f93bc6fccf36f855103496d45b5dda965ad007213a3a597892198dcb68823c05fe9672e36c85e6298b3c4180f8a035402de9300ef314cc5c985c33c49c6e9964cc61e7bb263020d53f6bf2cc00f17f5db88b1473803bf00e620cbec384b7e31ebc937f0546720c06aebb03cf9169e02adb48cf974ed6833059402023c90ebdf29b3141901164080f9ef89f462cb7c8b1b9a19436de63a03b121804ec59b0d7f7e1b57da58dccc286e62905b7b9d732b95820b34228b33aadb336a3a81e24697b756853e62f888341a6c2c7ef8858787ab750acd39afce115f1b4e6aba6415c3dbd1bc15c17a2221428400fe179e018690775f39868ebd099fe7a9e06981d86f631b9d17fe1d18114ef0a9aca67dedae0cd838bff738b05f088f870a0bd3bf5f08804780f1789069a46d8b293e1e50030a7260136e604aa12031e305382135ebec75295480d10d4cf17f26408055b44caf3e783a350acf0c8f5fbac3fd9d8e4bf04bb0965dd4fa60f7c30f76dcfa70cfc30f0f2b03fb9d755a7d8d94f3e7cf1217e867adb2293aee417a1852a19354ef5cd01641edbd60167eecb1e2489b3fd4ea979860a668f2e2d863f5c34a2ab7d51e98beba5866ffeb53bd07b32e1bcd12330455810a41b5a072d0046888ff9760ed397aa1905c6def9fe81090ec1898e2140c3438cd2534c3352cd33924d32e207587e763a0be28a80c6bb93da7d3e9f26ebda8f7a2ea8bd8afac2be72558e4a76303bfdcb15f0e7bdaf3ef23ab1c4d08b83fbe7447714c805b9474ec500136748f43ae4467af3dac68a2a3ebfb83fb0f5e406428e8ef39b5056754f77d2f02edd9031dfc133ab6033abd15bab01912fb0d925d9fa176eec6ef11d7f7255d3b9973fd42f12db1b27b6234e98b554aa7aa540fd29eef20bff825cfed900de4b30ef2fc1972df32a2736ad4771794b8054adecef639d51e3ad551f0821c11f8b1a74559c2d3e1be4664e0973d94cb1aa6b086cb98ac76567f2afcc4ef70cdb8815f53ee4abf930cfc7653a4bac8925da47b3db4a7be165730cdcd2c532ce16bea1a832fa9028426e687a796aa1a7adc7f628e8901624cab6e0602dc4967be4f07c6f82df2e22b7a3f0b190a065f31011801fe7c9fe51473a1316dcd38188305028cb1dff113a1411aea1f7690f641caf2164792c0020cced0c16176614507d7812b798682ab3b8112e752b8f2995e52a7a2a6999a910374770201d6d55d7a6231fcd0ef0ff06b9f714f711f1ff8f8eb93cb8ea91e79a4a5a8a6acfaec85417a6903aab282010458803314601651b2d818bfd86802969be0a34b9b53ca5a898df426c6f078d4132bbfd44d5ba497bee855e65706595f19e62c36ca8531c61b8597601a9a711ce3ca57a9c7e264c35ef33809f7b26432569912f522e1d58f507cd32ad778332684376c66792dc0129ff587bd0006cb1dfea5a633955730555603fb65ebee1825c5c10b1dbdc9888b384b6131e72dd02b47ca1261011e85867abb3bb576d64a2c116c0a34ff3d916c50714913a3b67bb0d94abfc7f479db9583cd477f235f3de999565ed0d8436ce9b5482b7f165ce49458ae1b5172c72333bbb633babc2d92584777d841f7bb5ef16445b2da3ed3788a4d46955576b57d6e8d577ef53da764b497e107c17a2221428400fe9e02fc8e00ae4b2caf190fc8c7444e08229ce053e6991932c06baba2d7b2773d4b9ba3a0b1b1909717f82ff80a32c12edeb213825408d2d41b98522848cc780106f62ba566229c023d2147cedf50d234baf6e0e9d428691a9f984280ed7ce3b74a187f7050e9839de21fee93fef098caacb3cf3f3aadba4a25e4b3a7b19fbf4cffd23c7f9b73e955df72e5c86a83b4468702c62f4a16568e77879a4306eadc06ab2d5915cf21ca43887406226c1c4dfbaec367e94e45ed8fae5bccba623aebdc0b5021a816540e9ad82669c2ff3248fb4e5cca2356daf826d8f927d9fb273b04a63806a53a05a7d905a65afba5d8f8a79cf33158e67a633ccb5d6ea4d34aa8f5f4b3c6af0518716060bfa78dfaa875f4d28a42a8f0108f00a30ebc878ad74556399a10d0495f149743043893dca2a06d830870545e1db86a205722f0974a6dec89c4d7823b0c0474ad7ff89fdbdfac90b44313dab91fdabd073af027747427746a1b746e0b3c146cb152e6a0a3e8ceb04b07e22f9d48133b9b73fd6cc19d5304a92304c55d054f36e7aaad4f2d7a701db2fa09b2d8346ab07bd4e64f28781314f1fb48d06eb6f3e9bac0a7bcad4c017244e865944f48f14f86fbea460642d94339fd438dde2519923165a1b48edb9194ae21b67824e55604f96638e94618513c9c783dacf44a70b16860914840e105bf8273be7967bdf1a7bd724e78641f77cb14f58ab78fb76a213eec24deed2cbddd4d51f43617c33437b34cb184afa6992fe08981878a9e9bfc0b87a0b82c02a5cac4359a37c63e200d1832b05f6afd60662903445e96d6e30d784760fc16803cfa0b12b1a617b30b801160c072b1208cf7a260da9a713006dbdf33c06bbf0591a5d2eb9f39c9f94d38209ce296fdf07b783a34f7fb58125880c1193a30cc82051875e0b1e9d005b476f8c95b9e19c86efe91a666660525659829d085c4f2179acf97ec5a04bf02fa0bdcfc65f3d6defae6d8e943ea8f9e0607856764e53d5553f78948e4ad4a3018fd4c01ce5000b819fad628639141ce84e8245626935b7cb268652d8c06c63086e3ee84852fd316eaa57ff92af34bfdac4506d948a9d58699e0ee0ad3d0cc02dbaf5a0c4e260c8b52dcffe914e1748a2764f6ab1249dfd73f182cc05e8c094163661c1e01fea23fd106156076ba03537e11f3f16a96dc97230926dc3fdf37d3888f1c1c030bf0aa114a125c6a64746878b8cbfa6aeddd2f057b0916ff3dd12d9f8206fa6045473fb5a1bdd858bf69cfba8ad37ff84564fbe756e5d675935a7bafbb65f8675421c1d2ded9c125f551e08f33cdbfd7f5509bd56e92dc62072f5fc3388a794695516a85535e9d4e54d18be03cb47e7e10ac2712224408e01f25c0f7948d8e5d94d975e4d6ce03d710c036c801f998c809418493d748134f8ab689ec87077e39ea0b272f2ff01564825d68180650030a5268ea0d4c711424e6ad2fc14ac593842fc142397ae1a6a286d17529b5a979ac6d7652f41ef7773a2ee1ccdc2225f43c3f38f9fc833fee7c7840e6c3e34f669dd1f8fc92d6178f22173c8a5ef83cf933c39c55364507dd48b7fccb1f45552b86d6af9636aace7a30586b3758693044d5182e936391aeb04b76b1733730a3d726dbfebee8aee9bfee3a7e74cd62d6051d5021a816540e9a000d81e63087810115e083a7afe414d3ac7de26d7c136dfd126d810607245bfb2559fa265af9828de4c73ebebcdebbd4f53a00d9f8cd4fb6b6bd0938b09c5b2f3af08b8cfd02fbad6e6968c05f1fafbe1c76a7e5c4633a665e48b55de76e4807645401b2c82df25a56880047e7d5814b067225ba74579152dfcdbbc221b2d07f68760da6364086b87bffbaf3d08efdd0aebdd0fe5dd061ce74e8d35b21d14d35865bc4777b896e0fbdb43bead28138d1c349d70fa4dcdd952ab52559e1c778bb3f2c21ad9fa0e79b20cded90c9ef90f346c87333e4f73bcbf630dbf26c56b027a6a1c9408e08bd8cf20931eef1706ff5487f108b591f422d2ce91dac1e62d1592374d668316338a6b33faaa33fb2bd3fb2a33fa6a33f9a4354675f74475f4c475fec18719d7d89dd7db9bdbd41359de6096e9da5e21dc537ba48525e66a298e6de274080159e5bdf94d73f2daebe5f5409dcc1621cf8b981435c46b14b50868547a29e6d0810601089ee7d7760fc16802c080c12eff2bf28e305f88b43b618ef45c1b435e36004184de0d71b6a1027b1e62912607dd79dcd02e2804db5a58d6abb0cb85fc692c0020cced0fe215880df70e0ca8e7c2ac77e3194b53c52d57470722e225181f472d497d2dcded5d4de15191ab1edfab69f1d7e3a7cf6e093c78f9ced9d53b372383165e69656fa96f619c4066c6dd38731c014e00c45386197b5507f624e7914c797363926919c53c85e057575f46194eaeea1e5fae95fbc4cfd42377da15ec6c2579968a9a3b6599826669ccdba4938e9d0f1fca019a71152365baf04a75d3c19bbed48c87468dfd4ca359ef409e16d6b66792dc0920bfb93ecd065905eaf032cb768b42884fbe7fb6662fb2bc231ca5f3395578c54e33902cc5907d8ee16771d60c9cd98e6de0aff3dd15dbfc246c620f2c42fa1b1278ed4e0954e0dcead2a6a805ff85cd2cc10f7c8b48c238148bb78ca45bba4046a6b30a9b93ae001c3fb6295e6dab8e7275f46128d9269fac9b45749341f42838875b4775a056f136f45b09e48881021807f9400ab197b29e938ca69daf20272403e26724210e1e4355260b98ddbd7c0021c1b8b5c90c106f80a32a716602496cf0d4c7194cb63cb20b97af923c120a1f1c832486e2129bdbd7dc784cb208d010458fe99214677c7a3fad2f2a4d8e402ac6b176ce397f8e129ed0ff6497d7050f6c3134f679d54fd56c2e243a9e0b90ae15faac67da193fe8569de5a3bc24137e2557fda5193e45f1fe94054f9e172d5618a12932cc1228ab14af6b1f37f1a4efa4f9fdf8a9706e29fdc73fc58d2eda31b56b32eea820a41b5a072d00468083487390c0ca8001f3e7b2dab886ae51d67ed93003bb07f92a57782a54f222ac03601296bdd2496b85e47400418fdfaabaf4c38359b4ea753ea18917930945a06f81a4acc300dbf033ffafb86fd2202bc7b20ef644816f7dfb927845cd77de6ea034480b3cb5a65c14f3c26c0fa2e31c895e8b2840a080bcfad7d0dfccfed13d82f20c83baff9f3fbd096c3d0b603d09ffba0bdbbe1e9d047774227b7431737d7a8ee943ee420ba2d58747b88e88ed0cbdbc36e6d8eb8ff4b84c39ffa03f7b741529b2185dfa1171b21c3df208b4d90ed965187edc35a6758af2e042612300d4d067244e865944f4a6354067b2bd97dfecc21b2575d5fed10abba9fcd1a818647a001f6288335da3934da3c3852dbcfa631d8a53dacbc4e665afb705ccb6078e36040fd80574dbf6b55bf63659f5d659f6505bda8bf4f39a5b28d70a39d70b5b3f4ae87c9bb15e029a6406300268c716003756947130557178d07eab6d715cd4f8b6b1eb9fad8d031f4e28397bb2fc8f3969d71307efb56c60b3000e3bd2898b6661cc46f0ba24a3946c04d43fdc35677dc915d2826971d99834c6e044f1aec1de26e8d258105189ca17d836f0830208fda964b699d90d8cc52697925ffc02078f8175e068952d7d8d2de45cfcf2f70f3770b8e0909080cccce2f02de4b20d3c0a785a5958aaa462aa11a538f60f40e3005384311b4838abed0cb98906586596185f5f649a413b669f3d522cfbbe7135bfb6a7a860091d48ecfb4533ed749fdfc651a7060de52cf030b314dcc38407471d221182e5865227bf522a85fea97e05e10266395710988f96f0970de8d25554080ef7fd61fa603047884f318f0485b054bef0fa6fc572cb363a38c56ee9f2f6b70b4167e7d1d92466af259da5b80fdb2fd9547d94cee08f0e040a7c1d19afb5fc1022c316d01e6bf2712f72da8a70f125be0775c953633cadbfba2ca9ab563898fc38a80ebe6377487931aaf3aa7dd73cfbcec98e25b50135dde1654584e77dad5e57484acb2dacc33f04514513789f622a1dc34add22e8d22eb9e8669e2ad08d61309112204f08f12e0bf0822a5bc46eaa8f0a26edd9cf153a04126d885866140ea0189cf0d4c710c4f0ddd8009a30e8c89a7d536cb3dd1baf650953773dac4d443103dc50bf99a85acc53c96d0fcb1485a96a6454c4a27b2b7de1fcd1f4ba4189e7864d71b45d0807195f015f3168e5d1457d030ba21fd6c6a9ee9db9cbe2281543d3ee14045aec1c9abafe97d705aeb8303d21f9e509d75ecd10f8ffdff4f32f0df8ae1f354a216a8c5cdd74efdcc246f956df16697f29f555de48c254629b799a4eb4ca228abf404bb78273bef2766f2bac1d0ef3b9d979c55d79a23ebfb8994d7bf6ed97c24f2eac3936aa05a50f9ea6baf5c8353780f60425001067e9f5140b1f08ab5f48ab3f249b0f64d34f78cb3e038305780fd53af785b00d75dec720d80aa2f92f395cbd5252ed7afc619ba96c6a7541701dc8ae3ae04eb2e371319c01f7e537d11fb8505b834c73238b37a0acaeaba4f5dbe1f905e05c8296b957966e69b560988ce0702cc1d24bcf6f029a9b68b77854378b2d9b8aa1002d22b4b36bdec5a716574f31168eb41ee50f0be310d3eb1bd5f624beac91b86fb75b5f69a68ed31b1dff7bcfcd439e0c6d0e5cdd0dd4d90c2afd0938d90e666e8e516c8702b53fdf0b0f2c53253ada0f42a4c4393811c117a19e593e2e847830c2a8be1ddc7488b6c19ac1c60350db087c11d1b7ba46d909d50470fa9eaf6a376f8577406547406567486d7f478d13a436ae941757dfe75fdc6e50c93728669391d60564e4febee7d965153937fb3bd50b49d70dddd5804d3dccc32c514e8f1689af9f23a7047dc2f09969b6415549e1b705f8ea56be105d437b394119a98ff4e1d18e3b76f857f01deab47c4b435e3a07eabbec730dd0bcf1a66b5d5766a1e3441f379d13b6b3d5e77c7278105189ca17d834caefd7204389fda8e2f6f9b827442f5d367da26266699b979407181091791a82919996959b90452797159451167e0373d2bc7dac6f695a9756a5115a60681e91d640a7086a26c334dfdec65da843c0c2cde6992344f35629e5ad47cf598f546a91194b6eaee218da4ca05dac99fe9a47ca6f346d98dc6a9e0060b53ff8c73d42415271582325b3e4cddff8dd76e3926d0561996e0b40893315bb7f8816fd96a0ffa84f05635b3c43ddcca15e0878b7b4d4fb158ac11f431e0eec61172e2685f17d846fe0d68b485c2b2be00b1e03527b931f456780d24cef6e8c8081b82066b8a3b15bfad79b05c3001e6bf27bae99557ddd54f6c6194b5f5e6d777ab46142b07e45bc4918da389b20179b9f5ddc9951d2995ed51e4e6445a5b24a5d587d0981eefdaeb79b25ef7c728ed0b6ac104ad588a461c452791ea51507bc93ac636968469e2ad08d61309112204201460fe41a494d7308db46de197603536bef112acc6c6a95f82056a981698e2e3e175604cbc84bc2ad8c59b335d60c3a4d59330a28b00dcb59364f53a07e8281c6685a7739c9667c32b861b039b30afac728b68c690b8f58f058caf84af98b701045851d3e4a68cc6d468193b9cbe22097e9f13265880cddca3144dfd3e1431f9e0b0c2ac93aa0b4434563e0afcf72ddb8f6f59cfb96b3f57d2e99387aeff92f1fe582361b105798d8a6d52c89111e25e76c91f2cc25676c12facecf5c309eb0642bfebf35c536cb5ee3b45dbf9ca61b3657c3fbe6dfb91e8ab59a7d440b51f5e32014d8086780f604250013e2e723b358f6cee196301bcd72bce1c3026c096bec9567ec9d6fea91601c9dfbb4920020c8c17c0bb8db088c397ce5716598b7d69762938ea14efa2473c02bcbb0f7f36348b86acf13b19a0933e71e90e578029ad52ea268800c7e4d7838b057225ba21f3aca4ba33746c7587e02c6c2518c20ce3ebe73da4af1519d9748c3b14bc731fb47b4c838fec8427459fda06bf26faeceff013c2e7390f098b6e84ae6e84ee6c821e6e81c7819f6c632befe9bf797158522c28340bd3c4142047845e46f9a4284a79904e66f678d03b3cf4f31ae26a3a53eae9153d83d4eec182965ea3bc068df45a9594aa47c9954a49800aa5449a7252857212ed51324d2db54a3fbfc1b9bcdbb592614da503327b7a55d3abaaf1d7da0a2eb6178ab9195dc434f7dfe58e820eaf03bf94fdd3dadc86370078af8eb9d765693d4bd730defc99e537a9348ce24ec197a7bc2614604c9def0d5ebf05286f79a9f0ab162693971747cd7bbbfab957a94992c0020cced0de0126affde695b7bd95cce21aefe06853338b80c080ac1c7c3ea1b4a8b48c40a480cfc26262664e6e486868744c8cafafafa5a3776e5933a6b8c0005717e00c45791552f4854ecaa7da13334f3d7aae6ae45cb5a879ea31f334623fd74ab81948fcc628fdd317c998c8cf75927582def9f02fc2519334dcc360c07a8d38c7b809941b38f0ca291d18b0da9d3e2198aa66108e002f8605586e65afdcb2e1bc008e0073fd96cbd8368b33e7999ded8ec947b64141f628d4ef72afe3e1a29a872b051360fe7b22e520424a453bb995e1945b75d52df3551411c9b74f2897f2c367d67486915a42492d41c466bfe226cfc206e7bcba2aef5b7497c354f5753a1e114f424a3462cb7412a8aef9b5f75c92d5fc73d09af947b09e4888102100a100f30f704b70ff80314c5b15bdc4c58b090b17f66ffaa1edf40eb001bef2f306ac990575e0bfa8bb939035a100fbd3a036fc98d902bc486db085c2a3b2dc115a90831d9b0555f1e4708ba07b01485b6fade4ad311373fcd21d652d337179ada9d135773973f50172c7383ec102ac65e5ef1996f6ed0dc30fc48c671d53f9e482d6c7a2ba736e597e2ae7f3995af47cede4b92f53e7be889bfb2468e1d3d0ff68d840393fb0b3fec3ca5ccf4cfbcf70e2bac1c8effb02d632dcd7d06d9679181dfe4cde7bc193a8b9b27e9fdcb1fb1710e0e38f41b56b6e1880264043bc073021a80083be30299768e6116dee196be6116be6193b5e806d02d21efabaf0ea2eca6befe57c2e74bebcd0526493ad08bbf0c878f545c8c9f6c774c9e3a1d4771fbb780b11e05c4adb4355a3d702ec14895c896ec96a165775224b3bbcd57e01be29d48cf3b675f3257ad68ab0379e1cdd7414fafd10578377ed852745efdf051dfa0336e1633ba013dba193dba0535be1e78481125fdc0a5ddd06dddecebebdbbf7d4c5810b5772752dfdd32b314d4c017244e865944f0a2394067a4a86bb5c7ada5ca463293e9466cbc2c6d4ba1e83dcfaf4067a4465bb7561ad3d0150635754635b580d5300a80258e7576aa5511f46921e44976be534da95f7e4f4f43e4dadacceb9dc9a7f1ee06af86e05189d023dc50606c481078759e3df8985001c58d7c20793f97e58f6dbc57fafd88b65e5814fbe17c108f037a7ec3165df1bbc72cb27cff61a7537bfb1880226092cc0e00c650001e63cf75b406b0702cc3f59a5b571e90511314949a999f8bc224209b19848cec617c6a564c5a617185bd8aefdeebb152b57e99ad80177c594158cbe41960067282f379c32e7bf489e84a4b9cf62e6aa45cfe508f03ccdf879cf13e66b25ced74ac2445e7648c754fbdf0538f0168b52dcf3a2c958ed469f104c3d3348ec03548057f5ca2f1f54ff914dcd78adb53cb0932c994acb99cacb99aaeb464a63307b0123a323cc089d5eb9251d722bb9023cfd6780f9ef89ace3298a0185e29e39dae125a03b43f355fcf37d0b6b62cbdb024a9b7c8b1bbd8a1adc0aea1df0b52e69857dce7b5a8cb784e85e57f02b508f21eba754b8e5d5dc744c78ea2b88fd0204eb8984081102100a30ff00b704f63bde308db46df5c4ee98ad5a05001bfc2c80f42e000e7c43fa19f8c4e4cf04130a3036d30a4fe7e8286ffe0431bc43b5634578002a0b8f2a4f55095f31937042f4ee631dcbbb4a3a536368e379f6ba14f796715c820518008fcdda86ccba62f1d1459d7f8bbc9c7ddb769eaccf82a7d10b74d2e619e57d6a4e586055faa92561b645de6a7def40cb03bd61df3123d60e057f3be0f74d9fe7ea5ee79574db152d16cb255e2a7ffa341c149c27eb3bfb8eddbf2fe9820a41b5a0727e867f01a8009f12bb97905d6aea1e6dea1163ea1e339900db06a65ff03442741705182faabe085fd88b2db412294a39fee6a3bfdc99cf80b26c034c7f3c21a0933e72fe0622c0f8f2b6074f0d510106570ae44a745b5e0bdc5b238f5a618a4f864f0881bc5eb376febdce35a2ac5fcfb0379e18dd7c14da0234983329fa0f8e09efd90deddb05bf2cfae09fb00f1fde092b31e0e44ed6c9bddd5b2ff5eeba5e7d4bd5239e8ca97c6a9023422fa37c921fae38d05d38dce1d0dde2782f92e8545caf92541554de2e1d4b33c8a94ead6d7f9a5076de077fd63bf7b447ce71f7cca32ee9079d53f73ba6ecb54fda6d9778273047378d7a27a4f46e48a95444594263c7e3948aaa6cd1d6bc330017830b98e66616740af4141bbc18a84b77c4fd823870279d399903ffb738256d3fe7a7fb13327fbb36af009f7df40e07a8a786d76cf9e7c98e576db5630f8b8c4b020b303843810003fb05e729106001c82f6fc92b6bcc27d7e79535e495d5e3c176792bc80f8acd5cb9fadb8f3efae8975f377a8726f2161198fe21960067282fe0aee8a079f2dce789f32602e4cf79163b473d66eeb3d8b91af173351380036302f69925839b2a4cb57f07765997e2348b2664b52b7d423035cc20b10fb62102dc06045869f5a0c2b2e1a7dfb313cd47fb3a5f9b6d4735db4b0a5eeff7d14ae6936fe0b75e3d5ec38ed01aed69e10e02b38647ea8a998ed707e597f42aaeec905f850870dcf40558809e8817edf062cdc8e2f4eacec0d2666f42a30767e0d736a7c63ca32a21dc92e1b4bb526b838647dcf348a223bec63c8974c132ea997f2ea612fe11ac27122244084028c042f86022bdc4ce7f0631c8182cba816c2305e1d15a38bd31decb1b89800eea4e5809023f31937252ec9eda2bdbfb2a7a5363eae07beead020c70094a3eac60f591a4e7c762fa4080e7cbfa2e508d9ea79b31df247f8165c9023bf21c67eac7ee151fbb92e758a41ed0d53134be906eb3a5d4fec742eb9fa38cb73fd7ba78484575e1b3e0792f924141501c5402aafa48d2ebb0a2d55b97ff45792dc097efc7679598b8479bb8454f2dc0764199fb3cd451d74581477d397ce174f90b7b5131f773a305fbdf1cfbe50a706d8e32a6339e0c4a7dcfa1b3d71001ce2b6f9378ac8f08706c413db84c2057a2db0a2f0a2b3aa675cf11985ee5e69f47fe41a376fefd86c5d706365ce068f0c9914dc7e067839101e1ed07e00593fee4c8f0ee3df0eac180bdbbfb7e3ddeb1fa6af7f7e275871f7b06e5636a7e2bc811a197513ec1872af477e50eb5597735d9dc8924d915d649c750bd89adb742cb2cf3aa2f071474377a71d6f855ea2957e8a6c874911f7691ee73163a825ff5bcc32ace015f793fa814c1115f71d13bb32a5b8423c0a7dfb5004f0bc47e33ac37881e5e2ff9481f387045c3e0dfca819da2498b763c9df79b2286f99b1ef3daef9243564e316598b2ef0d5ead9d16ca9b751acb5bb897ab3793e002acf082d1cf2caeea44de8335b3b8f845cd993b6fce9c39878e1c75f609c7ec150020c0029ca1183c12ca8f9827cdd14c988478e0c0b381066bc4c1db6feedd6f96e496f05ffbcb792bbbac4a711a85e359e54a9f104cf11924e6e176fcf5c595922b5ae5563194560f3c5a3da4f4f590fc12a6f6ef4ca71b2c1f59a6c355a6e62f4cf9af982aab81f77201262cbf98a9b58969270ac298a6c7869f7c3724bf785019b6e876b955d50f5716dc5c1227b905d3dc5b11a0274209ccacbae49082afeb8c2e6ff52f69f22c6a70ccabb5caaeb6c8ac324bafacf1bcd269b523ca5cca3cbecc2c9174db3951c933d321be0c53c9b410ac27122244084028c042f86002bdc4ce7f8ea91ffbca1b3caee0d8e3bbc8f61b3570ea1c33e4492be127660a80216a1a393d786a383556ae41e76fca706f19c7a5d702ac6d13e81692b2e1aef1274a81736edbcc97f1fe543d66ae5ee67cd3c205d6c4798e94d99e55b383eae744b6cc896a9a1d5239dbbb78be63fa5756510b4d23671b25cd3548fdd4287bbe117eae6e0628088a834a40551bee98806a756c02d186a6865780633208266e51fc08b04348d6456fe32f9d5e4b2f0a6cbf4e973fb71169cd42273fa3eabb67347f3739471fd3134f417943cf81d397b9024c6dbbafa2f75a801d5e0b703ead3d785cd9a9e13af0fae775f325ab1688372dbfdcbbfe02f397b3acdf4eb1379ee09af096c3b00c6f3d088f0c6f3fd0fff3f1f615a22d0b6fb77f2159bde9997b401ea80453ed5b418e08bd8cf2496eb07c5f47c6608b796783f9edf052fbc21a8558aa0ba1e95e28d9bea0e6a22fbe99a2da4305ea2bdb5d26d54596ec24deeb2cbddd5172aba3f87a3be1ea568b6897fc2a898052499812c7dc8aed169155d91781fdfead0418b1df54db9f44f7afd4527f0572c41ebef81b3ab08a4d06afeb4e0888c1947a9ff03aed7491ff45ab9af0fadd833dad8c44a74cbd33d6c85e4c43fc00ce503a47808b3883c0334b01adedf2cdfbfffad7bf57af5e2d72492c3c098f09982e4080053843c703ee8dee38a67dae19335b236e629e71e0c9f94c33ee96431a2888a9eaef86843719f7ac10c32a17fa787e726ec3949d4162a4ffccbefa15556245b3ecca6e85d5bdcab0030f3e5a35a8b87c50eeab41d92f0781d62aad18545903181a03fe0ac294be86f7823085a583ca2b40c13ee5d53d8aab5b64575648aec8bbb118d835a6b9b722584f84a21d46304f298b2d6b0e2d6d08273545535ac3c8cd01258d4199057d769baa5efe2a6b1374cc2058d133c3feafa92f82603d9110214200420116c207e3f5129313c37d9715667bd2c777c1066f11983767474f5c093f315373fa8a84b6b99bb4bae9d4d87b855fb825cbbd771c975e0b30e09543884360d2f2abafe66b462d500e98a71a3d4f3feb53f3a20576e4b96e157382eae7c6b4ce4de99a93d933278b0e93de3537a97d6e54d39cc03a1000c2403028020a82e2f39f472fbfaa0f2a04d5f2b63235bc021c9d56c4bf003b86e6c80478ae75be87182f2cbd4e62089f398aea869e199bf98cdaef6e46ce99ec2cdfc08c694823e8a4f79f144305f89ef24b5480c13502b91281db0eb04b80db0ec48133cedb36cc93aa9d7fbf6ac1adea85571b978bb6aebec8f8cf79c6fab3bdebcff4fd70bae39bf3cdcb2fd52dbc59ffd9dda64f1fb4ce9749bbe1ec14592c80fd029023422fa37c9219acdcdb96c8ec49eaee48b8115ae65450af10556191dd201152ee945f77de3bbfadcaaab7d69051a54baf7cde4353ef2957e92e53e822cb7412253b4bee6c368f76c55749f89648fa9648f8943866576c338f4404b8057fc659ff6f21c0a8fd6e59b7c448471bcd97d6b4fd7b3af092435618e94500f9ff5dfb05a0362b18323f6810e2c8997ef926971d25bf55e5dd8569881f38023c0c049850d5f12e4827541c3f7371f6ecd91b366c9092910d8a49c3044c8b8121960067e864988615ed368e9fa711fbc9b3a998fb2ce60fa378a390024cf1bf2d125e649c7a212fab9c7bb03874bc88c0169c41c2944ea55f5e44bef7759dd4ca76f955c081194a30bdd3042ea5b8ba476135a8a4417a25e5fe8aac6b8bc3640f629a7b2b02f744087ee955daa145775cd3efb8a45db64f3c631973da22fa8275ac97b366b7f9cfbe86d23a7ef869bd6f626a04eb8984081102100ab0103ec00a302ca2bcf39f817ff2cc6d4635f54d5fe5804e9c7eb3c8b809d51355c24fccdb3873f5c12b1b1f394dcba971f68bbe282ec7f5dd71e90d0106183987dbf927fc7ccfe4d31791f34d33e6bdca5a604158e04499eb5b3337aa656e6ad7dc5cc69cc2bed9847e00d8005fe14cb0cbb70684816050041404c57fbe670aaa0215629a981a5e018e4c2d34769d86003b85e31dc273aefa5aad72ba0dbc1775e0afec45faf28ef1a8ef9ebedc13844cb3e00c4a607ae5740578df49514480f3a9ed77952616607c791ba6209f0089758f2305be8c2ad9a4db3057ba6ebe64cda7f7aa3fbd53f5a978d502f1aa4f6f836de0c675f31e80bd4d73e4f1472c3d1cd2a6fbdc2f2fc811a197513e8989b04d0f904bf5938af591bfe095679f53251948d68eafbceb47b4cfac3cec98ee672f1162772bc8e64680f5757fcb6bbe16577dccae78995ef634b9ec6e2cf6836ea46346e51df792db6ec5e2aec536a9153feb475aea5e76d0bd0070327d8869eefd83d86fa2e9d7bfaffbdcdac400b357c7dc0b3830edef36173aa6ececa3b06f4ed9a3ea0bb641ce7f71e6330aafb2ce2c9886f80111e092eace7747546ac1e2a5cbbefaeaab43870ea93dd34c2b28c704f0cfc0304b8033746acc420b456d527ed4895ea016f9b17aecc7ea311c6217a8476dd089ba64936c12fc3fa3be280afe65b3350b716a0508ab9c7a5e63df7edcbd06133fe384bc528abbf079a1f872aa04ecc04d322b5b6557b5c9c1b4f30d120f0a36cbaeac975e4993fc9a70fbebc44b0b4354af609a7b2b7fa5279a82168f4b75065bdc23f2bc92deb268c2b410ac27122244084028c042a686fbec2e92b8fe19033279672f03ff7cf35d567000267e2cbd1ecbe529c21b0027ceae292a81d344316f0708b0b163a0a2b6edd4b807c58b88cb73aa9e20610518f0ca21c43538e59892d56c5997059e255f38913f732e9f1b58372fa17d6e367d0ea1ff13f2d0bfcb870160037c0599f0aec03a1006824191d972aea038a8645a63bf08bc021c9152305d017689c87389cc778dce7f161276decf78abc7a3ef9d2582e3af0ee41eeaca1169cabe5396ad9d9411159046f54fab0848af1044804f5ce211601d5480c10502b91281db8e5cca5fbaedf04da13a479500b38dbfef094cb8718e6ce35c9986b932e0136cd77ea952b2e955fc3d2f0ffb34b718e25ffc3778e488d0cbe874714daa38e3539655d3e6886ff02a6c029f19556dfb9c8add92b091bcfc649a955ed1e29851eb905e679f5e97416bf9cd2cdb39918609fb6f11ec69878cfdeef871b19cb422662f82b822fc3c707c7eb7a123f7ffbb9029c058eb0c8269881f10012eadee7ca75838782d5eb274fdfaf567ce9c31b5b04acc2ac604f0092cc07fe10c9d0270b704ee904c83f35efae7024c83f3c1ddd2df7fc2f314e88697cfd628c4a916ccd22859e9d40363f73ed4172130202cf4e29254b12f0b6e2d21dd595a7e7f5985c4b24a89655592d30614a4de5f46beb3ace8d692f4cb8bc2ce7d1eece18669eeadfcf59e683c3129b974cb5f939cb55c63cb82a6d375be95bfd8130911f24f4628c042fe325924befd730c018acc0ce7ae4b99bb862aeb3a4c8d5768d2a5db0a5cdf1d9726106080b64d20fcda2adb90b5f7cce66b477c1e5cb120bee5d3b4ce7979bdb38943ffa2b13eac1e01800df01564825d200084cdd78904454041501c5482a9961f50013e297a372c395f40018e2a708b2e728f2178c4167bc6977a2590bc13c93e4965bec914bfd472ff5460bfb41911e03b8adae305585cfe790ea51553500080d97a24940113b60b2de0c53ebc08d6e384b219997ef6d76f3ba482287b5d4a773b97fce954bcd381b0c39e70cf8f8889c170d3a3688371e67786192857dcded312a3fc402c29365097fe79edb2fbe2e2985dbc9c1657070e8cc9143221186b9d41300df10338438100136bbade2985e5cdb2ca6a6bbef9f6c0c143f20a8a1edefe85e54d98187e1818660bc5807f80036f77ac5b63d5f09d4d93a8573566efbb259916e8e51da27e33e6d18964d9ede9325bb3e4b666cbfd9e334d4011503043766b8af4b658e5a3a16a57025d9c7c92a9d8e6dec64cf544bcc42467911d6eb84516fa24cfe4f02f4028c04284088c508085fca3387743dac62beab1bef3d4f846a65dbaa3c8f5dd716962014630738bf40c4b9337f15d77d7e4df72ce9f3865cd4da99d4da4ffab96f941f328006c80af2013ecfab7bccbf7f74c403028c2e78a4713820af0894b778213f2f87c0bf4fb11e0d0ec1a726d3722c0e06b2ea56d4201be25ab99456e11ecdd9bef19f488d0cba81021ffdf03ce5020c0a4daaeff090685022c4420843d911021ff1084022ce41fc5f99b328e7e714f8ddca7c63f3a43f4ae12d777c7a5a90418a065e50f34d83930c9d2275e52cff38892cdba7b466be4acff256e04001bebee1b834cb00b048030100c8a602a9916a8009f12bbe71a92e2169a66e115f77710e0f0dc5a7033915e527ff4c2cd90acea24426362611db20c12a8210a5f0b2e13c895e8b6bc567c615d425103e8d43195fcade03d22f4322a44c8fff78033b4bd67a0a2894eaeebfe9b53d5cca0f70d0acf50210220ec898408f98720146021ff282edc92730d4e5237f59a9a80982cc10518e5857580a96ba48d77ac4b5032c03b2203806c834c53b7481080292218a800df94d1907cac67e71b1b10870f4d2a084b290c07a41222d20891e925511925d199c4d86c725c4e59422e25115f9e944f4b2dac4c2baa4a27546796d46495d6e510eb73c90d7994c67c4a7301b5a588d65a54d15a5cd95e5ad5515add41ace924d574926bbbcaeaba29f5083de50d9342ace94accaf54d6b101d29b53d61a83af7e6917ac6eea1d5b500fecd739221f5c44902bd15323b717567ee159d4746233e8d7c7935dd68a904381c9a5b401f0e56d79006a5b3eb53d9fd65ec0a1b0a2a30850d941005475145771df8b53ca991b890c10916bbb61eabac18194710fe42dc782c07b44e865548890ffef0167a853407c530783de3f3c254c000361e035bd2883307d302c94fea1371840184660230cf24d17bddfce335478860a1100614f2444c83f04a1000bf94771515cce332cd52b3ccd3b22dd2732c32f3ad33f260be86e606c3606b17bca5cdfc52408fa7f03135dfba153c3d00000000049454e44ae426082);

-- --------------------------------------------------------

--
-- Estructura de tabla para la tabla `tbl_objetos`
--

CREATE TABLE `tbl_objetos` (
  `id_objeto` bigint(3) NOT NULL,
  `objeto` varchar(25) NOT NULL
) ENGINE=InnoDB DEFAULT CHARSET=utf8mb4;

--
-- Volcado de datos para la tabla `tbl_objetos`
--

INSERT INTO `tbl_objetos` (`id_objeto`, `objeto`) VALUES
(1, 'vista_personal'),
(2, 'vista_usuarios'),
(3, 'vista_parametros_Segurida'),
(4, 'vista_pacientes'),
(5, 'vista_consultas'),
(6, 'vista_preclinica'),
(7, 'vista_citas'),
(8, 'vista_caja'),
(9, 'vista_especialidad'),
(10, 'vista_cargo'),
(11, 'vista_diagnóstico'),
(12, 'vista_estado civil'),
(13, 'vista_religiones'),
(14, 'vista_servicios'),
(15, 'vista_tipo de sangre'),
(16, 'vista_sexo'),
(17, 'vista_preguntas'),
(18, 'vista_parentesco'),
(19, 'vista_Roles'),
(20, 'vista_parametros_Sistema'),
(21, 'vista_Respaldo_DB'),
(22, 'Vista_Restauración_DB'),
(23, 'vista_Cobros_Adicionales'),
(24, 'vista_Expediente'),
(25, 'Vista_Sisión');

-- --------------------------------------------------------

--
-- Estructura de tabla para la tabla `tbl_pacientes`
--

CREATE TABLE `tbl_pacientes` (
  `ID_Paciente` int(3) NOT NULL,
  `ID_tipo_documento` int(11) NOT NULL,
  `cedula` varchar(20) NOT NULL,
  `ID_Sexo` int(1) NOT NULL,
  `ID_Est_Civil` int(3) NOT NULL,
  `ID_Tipo_Sangre` int(3) NOT NULL,
  `ID_Religion` int(3) NOT NULL,
  `Nom_Paciente` varchar(255) NOT NULL,
  `Fec_Nacimiento` date NOT NULL,
  `Edad` int(3) NOT NULL,
  `Dir_Paciente` varchar(255) NOT NULL,
  `Tel_Paciente` int(8) NOT NULL,
  `Cel_Paciente` int(8) NOT NULL,
  `Email` varchar(50) NOT NULL,
  `Contacto_Emergencia` varchar(40) NOT NULL,
  `ID_Parentesco` int(3) NOT NULL,
  `Tel_Emergencia` int(8) NOT NULL,
  `Cel_Emergencia` int(8) NOT NULL,
  `Antecedentes_Personales` varchar(500) DEFAULT NULL,
  `Antecedentes_Hospitalarios` varchar(500) DEFAULT NULL,
  `Antecedentes_Alergicos` varchar(500) DEFAULT NULL,
  `Antecedentes_Familiares` varchar(500) DEFAULT NULL,
  `Habitos` varchar(500) DEFAULT NULL,
  `Usuario_crea` bigint(3) DEFAULT NULL,
  `Fec_crea` date DEFAULT NULL,
  `Usuario_modif` bigint(3) DEFAULT NULL,
  `Fec_modif` date DEFAULT NULL
) ENGINE=InnoDB DEFAULT CHARSET=utf8mb4;

--
-- Volcado de datos para la tabla `tbl_pacientes`
--

INSERT INTO `tbl_pacientes` (`ID_Paciente`, `ID_tipo_documento`, `cedula`, `ID_Sexo`, `ID_Est_Civil`, `ID_Tipo_Sangre`, `ID_Religion`, `Nom_Paciente`, `Fec_Nacimiento`, `Edad`, `Dir_Paciente`, `Tel_Paciente`, `Cel_Paciente`, `Email`, `Contacto_Emergencia`, `ID_Parentesco`, `Tel_Emergencia`, `Cel_Emergencia`, `Antecedentes_Personales`, `Antecedentes_Hospitalarios`, `Antecedentes_Alergicos`, `Antecedentes_Familiares`, `Habitos`, `Usuario_crea`, `Fec_crea`, `Usuario_modif`, `Fec_modif`) VALUES
(1, 1, '0205199500032', 1, 2, 1, 1, 'PRUEBA', '2008-02-13', 12, 'PRUEBA', 55555555, 55555555, 'prueba@gmail.com', 'PUEBA', 2, 55555555, 55555555, 'PRUEBA', 'PRUEAB ', 'PRUEAB ', 'PRUEAB', 'PRUEAB', NULL, NULL, NULL, NULL);

-- --------------------------------------------------------

--
-- Estructura de tabla para la tabla `tbl_parametros`
--

CREATE TABLE `tbl_parametros` (
  `id_parametro` int(3) NOT NULL,
  `parametro` varchar(25) NOT NULL,
  `valor` varchar(3) NOT NULL,
  `id_usuario` bigint(3) DEFAULT NULL,
  `Fec_crea` date DEFAULT NULL,
  `Fec_modif` date DEFAULT NULL
) ENGINE=InnoDB DEFAULT CHARSET=utf8mb4;

--
-- Volcado de datos para la tabla `tbl_parametros`
--

INSERT INTO `tbl_parametros` (`id_parametro`, `parametro`, `valor`, `id_usuario`, `Fec_crea`, `Fec_modif`) VALUES
(1, 'INTENTOS_INGRESO', '3', 1, '2020-10-04', '2020-10-04'),
(2, 'PREGUNTAS_RECUPERACIÓN', '3', NULL, NULL, NULL);

-- --------------------------------------------------------

--
-- Estructura de tabla para la tabla `tbl_parametro_sistema`
--

CREATE TABLE `tbl_parametro_sistema` (
  `id_parametro` int(11) NOT NULL,
  `parametro` varchar(25) NOT NULL,
  `valor` varchar(25) NOT NULL,
  `fecha_cra` date NOT NULL,
  `fecha_modif` date NOT NULL
) ENGINE=InnoDB DEFAULT CHARSET=utf8mb4;

--
-- Volcado de datos para la tabla `tbl_parametro_sistema`
--

INSERT INTO `tbl_parametro_sistema` (`id_parametro`, `parametro`, `valor`, `fecha_cra`, `fecha_modif`) VALUES
(1, 'USUARIODB', 'root', '0000-00-00', '0000-00-00'),
(2, 'SERVIDORDB', 'localhost', '0000-00-00', '0000-00-00'),
(3, 'NOMBREDB', 'sistema_franclar', '0000-00-00', '0000-00-00');

-- --------------------------------------------------------

--
-- Estructura de tabla para la tabla `tbl_parentesco`
--

CREATE TABLE `tbl_parentesco` (
  `ID_Parentesco` int(3) NOT NULL,
  `Parentesco` varchar(30) NOT NULL
) ENGINE=InnoDB DEFAULT CHARSET=utf8mb4;

--
-- Volcado de datos para la tabla `tbl_parentesco`
--

INSERT INTO `tbl_parentesco` (`ID_Parentesco`, `Parentesco`) VALUES
(1, 'Madre'),
(2, 'Padre'),
(3, 'Hermano(a)'),
(4, 'Tío(a)'),
(5, 'Primo(a)'),
(6, 'Abuelo(a)'),
(7, 'Suegro(a)'),
(8, 'Yerno'),
(9, 'Nuera'),
(10, 'Cuñado(a)'),
(11, 'Otros');

-- --------------------------------------------------------

--
-- Estructura de tabla para la tabla `tbl_permisos`
--

CREATE TABLE `tbl_permisos` (
  `id_permiso` bigint(3) NOT NULL,
  `id_rol` bigint(3) NOT NULL,
  `id_objeto` bigint(3) NOT NULL,
  `permiso_insertar` varchar(1) NOT NULL,
  `permiso_eliminar` varchar(1) NOT NULL,
  `permiso_actualizar` varchar(1) NOT NULL,
  `permiso_consultar` varchar(1) NOT NULL
) ENGINE=InnoDB DEFAULT CHARSET=utf8mb4;

--
-- Volcado de datos para la tabla `tbl_permisos`
--

INSERT INTO `tbl_permisos` (`id_permiso`, `id_rol`, `id_objeto`, `permiso_insertar`, `permiso_eliminar`, `permiso_actualizar`, `permiso_consultar`) VALUES
(1, 1, 1, '1', '1', '1', '1'),
(2, 1, 2, '1', '1', '1', '1'),
(3, 1, 3, '1', '1', '1', '1'),
(4, 1, 4, '1', '1', '1', '1'),
(5, 1, 5, '1', '1', '1', '1'),
(6, 1, 6, '1', '1', '1', '1'),
(7, 1, 7, '1', '1', '1', '1'),
(8, 1, 8, '1', '1', '1', '1'),
(9, 1, 9, '1', '1', '1', '1'),
(10, 1, 10, '1', '1', '1', '1'),
(11, 1, 11, '1', '1', '1', '1'),
(12, 1, 12, '1', '1', '1', '1'),
(13, 1, 13, '1', '1', '1', '1'),
(14, 1, 14, '1', '1', '1', '1'),
(15, 1, 15, '1', '1', '1', '1'),
(16, 1, 16, '1', '1', '1', '1'),
(17, 1, 17, '1', '1', '1', '1'),
(18, 1, 18, '1', '1', '1', '1'),
(19, 1, 19, '1', '1', '1', '1'),
(20, 1, 20, '1', '1', '1', '1'),
(21, 1, 21, '1', '1', '1', '1'),
(22, 1, 22, '1', '1', '1', '1'),
(23, 1, 23, '1', '1', '1', '1'),
(24, 1, 24, '1', '1', '1', '1'),
(25, 1, 25, '1', '1', '1', '1'),
(26, 2, 1, '0', '0', '0', '0'),
(27, 2, 2, '0', '0', '0', '0'),
(28, 2, 3, '0', '0', '0', '0'),
(29, 2, 4, '1', '1', '1', '1'),
(30, 2, 5, '1', '1', '1', '1'),
(31, 2, 6, '0', '0', '0', '0'),
(32, 2, 7, '1', '1', '1', '1'),
(33, 2, 8, '0', '0', '0', '0'),
(34, 2, 9, '0', '0', '0', '0'),
(35, 2, 10, '0', '0', '0', '0'),
(36, 2, 11, '0', '0', '0', '0'),
(37, 2, 12, '0', '0', '0', '0'),
(38, 2, 13, '0', '0', '0', '0'),
(39, 2, 14, '0', '0', '0', '0'),
(40, 2, 15, '0', '0', '0', '0'),
(41, 2, 16, '0', '0', '0', '0'),
(42, 2, 17, '0', '0', '0', '0'),
(43, 2, 18, '0', '0', '0', '0'),
(44, 2, 19, '0', '0', '0', '0'),
(45, 2, 20, '0', '0', '0', '0'),
(46, 2, 21, '0', '0', '0', '0'),
(47, 2, 22, '0', '0', '0', '0'),
(48, 2, 23, '0', '0', '0', '0'),
(49, 2, 24, '0', '0', '0', '0'),
(50, 2, 25, '0', '0', '0', '0'),
(51, 3, 1, '0', '0', '0', '0'),
(52, 3, 2, '0', '0', '0', '0'),
(53, 3, 3, '0', '0', '0', '0'),
(54, 3, 4, '1', '1', '1', '1'),
(55, 3, 5, '0', '0', '0', '0'),
(56, 3, 6, '1', '1', '1', '1'),
(57, 3, 7, '1', '1', '1', '1'),
(58, 3, 8, '0', '0', '0', '0'),
(59, 3, 9, '0', '0', '0', '0'),
(60, 3, 10, '0', '0', '0', '0'),
(61, 3, 11, '0', '0', '0', '0'),
(62, 3, 12, '0', '0', '0', '0'),
(63, 3, 13, '0', '0', '0', '0'),
(64, 3, 14, '0', '0', '0', '0'),
(65, 3, 15, '0', '0', '0', '0'),
(66, 3, 16, '0', '0', '0', '0'),
(67, 3, 17, '0', '0', '0', '0'),
(68, 3, 18, '0', '0', '0', '0'),
(69, 3, 19, '0', '0', '0', '0'),
(70, 3, 20, '0', '0', '0', '0'),
(71, 3, 21, '0', '0', '0', '0'),
(72, 3, 22, '0', '0', '0', '0'),
(73, 3, 23, '0', '0', '0', '0'),
(74, 3, 24, '0', '0', '0', '0'),
(75, 3, 25, '0', '0', '0', '0'),
(76, 4, 1, '0', '0', '0', '0'),
(77, 4, 2, '0', '0', '0', '0'),
(78, 4, 3, '0', '0', '0', '0'),
(79, 4, 4, '0', '0', '0', '0'),
(80, 4, 5, '0', '0', '0', '0'),
(81, 4, 6, '0', '0', '0', '0'),
(82, 4, 7, '0', '0', '0', '0'),
(83, 4, 8, '1', '1', '1', '1'),
(84, 4, 9, '0', '0', '0', '0'),
(85, 4, 10, '0', '0', '0', '0'),
(86, 4, 11, '0', '0', '0', '0'),
(87, 4, 12, '0', '0', '0', '0'),
(88, 4, 13, '0', '0', '0', '0'),
(89, 4, 14, '0', '0', '0', '0'),
(90, 4, 15, '0', '0', '0', '0'),
(91, 4, 16, '0', '0', '0', '0'),
(92, 4, 17, '0', '0', '0', '0'),
(93, 4, 18, '0', '0', '0', '0'),
(94, 4, 19, '0', '0', '0', '0'),
(95, 4, 20, '0', '0', '0', '0'),
(96, 4, 21, '0', '0', '0', '0'),
(97, 4, 22, '0', '0', '0', '0'),
(98, 4, 23, '1', '1', '1', '1'),
(99, 4, 24, '0', '0', '0', '0'),
(100, 4, 25, '0', '0', '0', '0'),
(101, 5, 1, '0', '0', '0', '0'),
(102, 5, 2, '0', '0', '0', '0'),
(103, 5, 3, '0', '0', '0', '0'),
(104, 5, 4, '0', '0', '0', '0'),
(105, 5, 5, '0', '0', '0', '0'),
(106, 5, 6, '0', '0', '0', '0'),
(107, 5, 7, '0', '0', '0', '0'),
(108, 5, 8, '0', '0', '0', '0'),
(109, 5, 9, '0', '0', '0', '0'),
(110, 5, 10, '0', '0', '0', '0'),
(111, 5, 11, '0', '0', '0', '0'),
(112, 5, 12, '0', '0', '0', '0'),
(113, 5, 13, '0', '0', '0', '0'),
(114, 5, 14, '0', '0', '0', '0'),
(115, 5, 15, '0', '0', '0', '0'),
(116, 5, 16, '0', '0', '0', '0'),
(117, 5, 17, '0', '0', '0', '0'),
(118, 5, 18, '0', '0', '0', '0'),
(119, 5, 19, '0', '0', '0', '0'),
(120, 5, 20, '0', '0', '0', '0'),
(121, 5, 21, '0', '0', '0', '0'),
(122, 5, 22, '0', '0', '0', '0'),
(123, 5, 23, '0', '0', '0', '0'),
(124, 5, 24, '0', '0', '0', '0'),
(125, 5, 25, '1', '1', '1', '1');

-- --------------------------------------------------------

--
-- Estructura de tabla para la tabla `tbl_preclinica`
--

CREATE TABLE `tbl_preclinica` (
  `ID_Preclinica` bigint(3) NOT NULL,
  `ID_Cita` bigint(3) NOT NULL,
  `PA` varchar(10) NOT NULL,
  `FC` varchar(10) NOT NULL,
  `FR` int(3) NOT NULL,
  `Temp` int(3) NOT NULL,
  `PAM` varchar(10) NOT NULL,
  `Glucometria` int(4) NOT NULL,
  `Peso` int(10) NOT NULL,
  `Talla` int(6) NOT NULL,
  `Usuario_crea` bigint(3) DEFAULT NULL,
  `Fec_crea` date DEFAULT NULL,
  `Usuario_modif` bigint(3) DEFAULT NULL,
  `Fec_modif` date DEFAULT NULL
) ENGINE=InnoDB DEFAULT CHARSET=utf8mb4;

--
-- Volcado de datos para la tabla `tbl_preclinica`
--

INSERT INTO `tbl_preclinica` (`ID_Preclinica`, `ID_Cita`, `PA`, `FC`, `FR`, `Temp`, `PAM`, `Glucometria`, `Peso`, `Talla`, `Usuario_crea`, `Fec_crea`, `Usuario_modif`, `Fec_modif`) VALUES
(1, 1, '555', '555', 555, 55555, '555', 55, 55, 55, NULL, NULL, NULL, NULL);

-- --------------------------------------------------------

--
-- Estructura de tabla para la tabla `tbl_preguntas`
--

CREATE TABLE `tbl_preguntas` (
  `ID_Pregunta` bigint(3) NOT NULL,
  `Pregunta` varchar(100) NOT NULL,
  `Usuario_crea` bigint(3) DEFAULT NULL,
  `Fec_crea` date DEFAULT NULL,
  `Usuario_modif` bigint(3) DEFAULT NULL,
  `Fec_modif` date DEFAULT NULL
) ENGINE=InnoDB DEFAULT CHARSET=utf8mb4;

--
-- Volcado de datos para la tabla `tbl_preguntas`
--

INSERT INTO `tbl_preguntas` (`ID_Pregunta`, `Pregunta`, `Usuario_crea`, `Fec_crea`, `Usuario_modif`, `Fec_modif`) VALUES
(1, '¿Cuál es el nombre de su mamá?', NULL, NULL, NULL, NULL),
(2, '¿Cuál es el nombre de su primer mascota?', NULL, NULL, NULL, NULL),
(3, '¿Cuál es su color favorito?', NULL, NULL, NULL, NULL),
(4, '¿Cuál es su comida favorita?', NULL, NULL, NULL, NULL),
(5, '¿Cuál es el nombre de su padre?', NULL, NULL, NULL, NULL),
(6, '¿Cómo se llamaba el colegio al que asististe?', NULL, NULL, NULL, NULL),
(7, '¿Cómo se llama su tío favorito?', NULL, NULL, NULL, NULL),
(8, '¿Cómo se llama su primera escuela?', NULL, NULL, NULL, NULL),
(9, '¿Cómo se llama su tía favorita?', NULL, NULL, NULL, NULL),
(10, '¿Cuál es el nombre de su primer pareja?', NULL, NULL, NULL, NULL),
(11, '¿Cuál fue el primer libro que leíste?', NULL, NULL, NULL, NULL);

-- --------------------------------------------------------

--
-- Estructura de tabla para la tabla `tbl_pregunta_usuario`
--

CREATE TABLE `tbl_pregunta_usuario` (
  `id_pregunta_usuario` bigint(3) NOT NULL,
  `ID_Pregunta` bigint(3) NOT NULL,
  `ID_Usuario` bigint(3) NOT NULL,
  `Respuesta` varchar(100) NOT NULL,
  `Usuario_crea` bigint(3) DEFAULT NULL,
  `Fec_crea` date DEFAULT NULL,
  `Usuario_modif` bigint(3) DEFAULT NULL,
  `Fec_modif` date DEFAULT NULL
) ENGINE=InnoDB DEFAULT CHARSET=utf8mb4;

--
-- Volcado de datos para la tabla `tbl_pregunta_usuario`
--

INSERT INTO `tbl_pregunta_usuario` (`id_pregunta_usuario`, `ID_Pregunta`, `ID_Usuario`, `Respuesta`, `Usuario_crea`, `Fec_crea`, `Usuario_modif`, `Fec_modif`) VALUES
(48, 1, 18, 'sdsdfdsfdf', NULL, NULL, NULL, NULL),
(49, 2, 18, 'sasdsd', NULL, NULL, NULL, NULL),
(50, 3, 18, 'sdsd', NULL, NULL, NULL, NULL),
(51, 1, 11, 'XXX', NULL, NULL, NULL, NULL),
(52, 2, 11, 'XXX', NULL, NULL, NULL, NULL),
(53, 3, 11, 'XXX', NULL, NULL, NULL, NULL),
(55, 1, 15, 'XXX', NULL, NULL, NULL, NULL),
(56, 2, 15, 'XXX', NULL, NULL, NULL, NULL),
(57, 3, 15, 'XXX', NULL, NULL, NULL, NULL),
(58, 1, 19, 'XXX', NULL, NULL, NULL, NULL),
(59, 2, 19, 'XXX', NULL, NULL, NULL, NULL),
(60, 3, 19, 'XXX', NULL, NULL, NULL, NULL),
(64, 1, 9, 'AAA', NULL, NULL, NULL, NULL),
(65, 2, 9, 'AAA', NULL, NULL, NULL, NULL),
(66, 3, 9, 'AAA', NULL, NULL, NULL, NULL);

-- --------------------------------------------------------

--
-- Estructura de tabla para la tabla `tbl_religion`
--

CREATE TABLE `tbl_religion` (
  `ID_Religion` int(3) NOT NULL,
  `Descripcion_Religion` varchar(20) NOT NULL
) ENGINE=InnoDB DEFAULT CHARSET=utf8mb4;

--
-- Volcado de datos para la tabla `tbl_religion`
--

INSERT INTO `tbl_religion` (`ID_Religion`, `Descripcion_Religion`) VALUES
(1, 'Católico(a)'),
(2, 'Evangélico(a)'),
(3, 'Otros');

-- --------------------------------------------------------

--
-- Estructura de tabla para la tabla `tbl_roles`
--

CREATE TABLE `tbl_roles` (
  `ID_Rol` bigint(3) NOT NULL,
  `Rol` varchar(30) NOT NULL
) ENGINE=InnoDB DEFAULT CHARSET=utf8mb4;

--
-- Volcado de datos para la tabla `tbl_roles`
--

INSERT INTO `tbl_roles` (`ID_Rol`, `Rol`) VALUES
(1, 'Admin'),
(2, 'Doctor'),
(3, 'Enfermero'),
(4, 'Cajero'),
(5, 'Auto_Registro');

-- --------------------------------------------------------

--
-- Estructura de tabla para la tabla `tbl_sexo`
--

CREATE TABLE `tbl_sexo` (
  `ID_Sexo` int(1) NOT NULL,
  `Descripcion_sexo` varchar(15) NOT NULL
) ENGINE=InnoDB DEFAULT CHARSET=utf8mb4;

--
-- Volcado de datos para la tabla `tbl_sexo`
--

INSERT INTO `tbl_sexo` (`ID_Sexo`, `Descripcion_sexo`) VALUES
(1, 'Masculino'),
(2, 'Femenino');

-- --------------------------------------------------------

--
-- Estructura de tabla para la tabla `tbl_tipo_documento`
--

CREATE TABLE `tbl_tipo_documento` (
  `ID_tipo_documento` int(11) NOT NULL,
  `Descripcion_tipo_documento` varchar(30) NOT NULL
) ENGINE=InnoDB DEFAULT CHARSET=utf8mb4;

--
-- Volcado de datos para la tabla `tbl_tipo_documento`
--

INSERT INTO `tbl_tipo_documento` (`ID_tipo_documento`, `Descripcion_tipo_documento`) VALUES
(1, 'Identidad'),
(2, 'Pasaporte');

-- --------------------------------------------------------

--
-- Estructura de tabla para la tabla `tbl_tipo_sangre`
--

CREATE TABLE `tbl_tipo_sangre` (
  `ID_Tipo_Sangre` int(3) NOT NULL,
  `Descripcion_Sangre` varchar(15) NOT NULL
) ENGINE=InnoDB DEFAULT CHARSET=utf8mb4;

--
-- Volcado de datos para la tabla `tbl_tipo_sangre`
--

INSERT INTO `tbl_tipo_sangre` (`ID_Tipo_Sangre`, `Descripcion_Sangre`) VALUES
(1, 'A Positivo'),
(2, 'A Negativo'),
(3, 'B Positivo'),
(4, 'B Negativo'),
(5, 'O Positivo'),
(6, 'O Negativo'),
(7, 'AB Positivo'),
(8, 'AB Negativo');

-- --------------------------------------------------------

--
-- Estructura de tabla para la tabla `tbl_usuario`
--

CREATE TABLE `tbl_usuario` (
  `ID_Usuario` bigint(3) NOT NULL,
  `ID_Empleado` int(3) NOT NULL,
  `ID_Estado` int(3) NOT NULL,
  `Nom_Usuario` varchar(50) NOT NULL,
  `email` varchar(30) NOT NULL,
  `Contraseña` varchar(30) NOT NULL,
  `ID_Rol` bigint(3) NOT NULL,
  `Ult_Conexion` date DEFAULT NULL,
  `Primer_Ingreso` int(1) NOT NULL,
  `token` varchar(50) DEFAULT NULL,
  `token_password` varchar(100) DEFAULT NULL,
  `password_request` int(11) DEFAULT NULL,
  `Fec_venc` date DEFAULT NULL,
  `Usuario_crea` bigint(3) DEFAULT NULL,
  `Fec_crea` date DEFAULT NULL,
  `Usuario_modif` bigint(3) DEFAULT NULL,
  `Fec_modif` date DEFAULT NULL,
  `preguntas_contestadas` int(11) DEFAULT NULL
) ENGINE=InnoDB DEFAULT CHARSET=utf8mb4;

--
-- Volcado de datos para la tabla `tbl_usuario`
--

INSERT INTO `tbl_usuario` (`ID_Usuario`, `ID_Empleado`, `ID_Estado`, `Nom_Usuario`, `email`, `Contraseña`, `ID_Rol`, `Ult_Conexion`, `Primer_Ingreso`, `token`, `token_password`, `password_request`, `Fec_venc`, `Usuario_crea`, `Fec_crea`, `Usuario_modif`, `Fec_modif`, `preguntas_contestadas`) VALUES
(1, 1, 1, 'ADMIN', 'soportefranclar@gmail.com', 'Franclar#2020', 1, '2020-10-04', 0, NULL, NULL, NULL, '2020-10-04', NULL, NULL, NULL, NULL, 0),
(9, 11, 1, 'JGONZALES', 'jsdiksndsdsd@gmail.com', 'Minuto#2020', 1, NULL, 0, NULL, NULL, NULL, NULL, NULL, NULL, NULL, NULL, 3),
(11, 12, 1, 'WRAMIRES', 'jidndf@gmail.com', 'Minuto#2020', 2, NULL, 0, NULL, NULL, NULL, NULL, NULL, NULL, NULL, NULL, 3),
(15, 17, 1, 'JEANNUNEZ', 'jean.nunez@gmail.com', 'Minuto#2020', 3, NULL, 0, NULL, NULL, NULL, NULL, NULL, NULL, NULL, NULL, 3),
(16, 18, 1, 'JOSUERAMIRES', 'jenaas.sdsd@gmail.com', 'Minuto#2020', 4, NULL, 0, NULL, NULL, NULL, NULL, NULL, NULL, NULL, NULL, 0),
(18, 20, 1, 'JOSUERS', 'nuez.jeancarlos@gmail.com', 'Minuto#2020', 5, NULL, 0, NULL, '6a6ffc86c1f97e37bcfc7562e0511971', 1, NULL, NULL, NULL, NULL, NULL, 3),
(19, 21, 1, 'JEANRODRIGUEZ', 'nuez.jcarlos@gmail.com', 'Minuto#2020', 4, NULL, 0, NULL, 'cc8dec1a4e6ee94b3beea5582352d257', 1, NULL, NULL, NULL, NULL, NULL, 3);

--
-- Índices para tablas volcadas
--

--
-- Indices de la tabla `tbl_bitacora_evento`
--
ALTER TABLE `tbl_bitacora_evento`
  ADD PRIMARY KEY (`id_bitacora_evento`),
  ADD KEY `id_usuario` (`id_usuario`),
  ADD KEY `id_objeto` (`id_objeto`);

--
-- Indices de la tabla `tbl_cargo`
--
ALTER TABLE `tbl_cargo`
  ADD PRIMARY KEY (`ID_Cargo`);

--
-- Indices de la tabla `tbl_citas`
--
ALTER TABLE `tbl_citas`
  ADD PRIMARY KEY (`ID_Cita`),
  ADD KEY `ID_Paciente` (`ID_Paciente`),
  ADD KEY `ID_Usuario` (`ID_Usuario`),
  ADD KEY `ID_Servicio` (`ID_Especialidad`),
  ADD KEY `ID_Estado` (`ID_Estado`),
  ADD KEY `ID_Empleado` (`ID_Empleado`);

--
-- Indices de la tabla `tbl_cobros_adicionales`
--
ALTER TABLE `tbl_cobros_adicionales`
  ADD PRIMARY KEY (`ID_cobro_adicional`);

--
-- Indices de la tabla `tbl_consultas`
--
ALTER TABLE `tbl_consultas`
  ADD PRIMARY KEY (`ID_Consulta`),
  ADD KEY `ID_Atencion` (`ID_Cita`),
  ADD KEY `ID_Cita` (`ID_Cita`);

--
-- Indices de la tabla `tbl_detalle_factura`
--
ALTER TABLE `tbl_detalle_factura`
  ADD PRIMARY KEY (`id_detalle`),
  ADD KEY `ID_factura` (`ID_Factura`);

--
-- Indices de la tabla `tbl_empleado`
--
ALTER TABLE `tbl_empleado`
  ADD PRIMARY KEY (`ID_Empleado`),
  ADD KEY `ID_Sexo` (`ID_Sexo`),
  ADD KEY `ID_Est_Civil` (`ID_Est_Civil`),
  ADD KEY `ID_Cargo` (`ID_Cargo`),
  ADD KEY `ID_Especialidad` (`ID_Especialidad`),
  ADD KEY `id_cargo_2` (`ID_Cargo`),
  ADD KEY `id_cargo_3` (`ID_Cargo`);

--
-- Indices de la tabla `tbl_especialidad`
--
ALTER TABLE `tbl_especialidad`
  ADD PRIMARY KEY (`ID_especialidad`);

--
-- Indices de la tabla `tbl_estado_cita`
--
ALTER TABLE `tbl_estado_cita`
  ADD PRIMARY KEY (`ID_Estado`);

--
-- Indices de la tabla `tbl_estado_civil`
--
ALTER TABLE `tbl_estado_civil`
  ADD PRIMARY KEY (`ID_Est_Civil`);

--
-- Indices de la tabla `tbl_estado_usuario`
--
ALTER TABLE `tbl_estado_usuario`
  ADD PRIMARY KEY (`ID_Estado`);

--
-- Indices de la tabla `tbl_expediente`
--
ALTER TABLE `tbl_expediente`
  ADD PRIMARY KEY (`ID_expediente`),
  ADD KEY `ID_paciente` (`ID_paciente`),
  ADD KEY `ID_consulta` (`ID_Cita`);

--
-- Indices de la tabla `tbl_facturas`
--
ALTER TABLE `tbl_facturas`
  ADD PRIMARY KEY (`ID_factura`),
  ADD KEY `ID_cita` (`ID_cita`),
  ADD KEY `ID_Paciente` (`ID_Paciente`),
  ADD KEY `ID_Especialidad` (`ID_Especialidad`);

--
-- Indices de la tabla `tbl_fotos_consultas`
--
ALTER TABLE `tbl_fotos_consultas`
  ADD PRIMARY KEY (`ID_foto`),
  ADD KEY `ID_Cita` (`ID_Cita`);

--
-- Indices de la tabla `tbl_objetos`
--
ALTER TABLE `tbl_objetos`
  ADD PRIMARY KEY (`id_objeto`);

--
-- Indices de la tabla `tbl_pacientes`
--
ALTER TABLE `tbl_pacientes`
  ADD PRIMARY KEY (`ID_Paciente`),
  ADD KEY `ID_Sexo` (`ID_Sexo`),
  ADD KEY `ID_Est_Civil` (`ID_Est_Civil`),
  ADD KEY `ID_Tipo_Sangre` (`ID_Tipo_Sangre`),
  ADD KEY `ID_Religion` (`ID_Religion`),
  ADD KEY `ID_Parentesco` (`ID_Parentesco`),
  ADD KEY `ID_tipo_documento` (`ID_tipo_documento`);

--
-- Indices de la tabla `tbl_parametros`
--
ALTER TABLE `tbl_parametros`
  ADD PRIMARY KEY (`id_parametro`),
  ADD KEY `id_usuario` (`id_usuario`);

--
-- Indices de la tabla `tbl_parametro_sistema`
--
ALTER TABLE `tbl_parametro_sistema`
  ADD PRIMARY KEY (`id_parametro`);

--
-- Indices de la tabla `tbl_parentesco`
--
ALTER TABLE `tbl_parentesco`
  ADD PRIMARY KEY (`ID_Parentesco`);

--
-- Indices de la tabla `tbl_permisos`
--
ALTER TABLE `tbl_permisos`
  ADD PRIMARY KEY (`id_permiso`),
  ADD KEY `id_rol` (`id_rol`),
  ADD KEY `id_objeto` (`id_objeto`);

--
-- Indices de la tabla `tbl_preclinica`
--
ALTER TABLE `tbl_preclinica`
  ADD PRIMARY KEY (`ID_Preclinica`),
  ADD KEY `ID_Cita` (`ID_Cita`);

--
-- Indices de la tabla `tbl_preguntas`
--
ALTER TABLE `tbl_preguntas`
  ADD PRIMARY KEY (`ID_Pregunta`);

--
-- Indices de la tabla `tbl_pregunta_usuario`
--
ALTER TABLE `tbl_pregunta_usuario`
  ADD PRIMARY KEY (`id_pregunta_usuario`),
  ADD KEY `ID_Pregunta` (`ID_Pregunta`),
  ADD KEY `ID_Usuario` (`ID_Usuario`);

--
-- Indices de la tabla `tbl_religion`
--
ALTER TABLE `tbl_religion`
  ADD PRIMARY KEY (`ID_Religion`);

--
-- Indices de la tabla `tbl_roles`
--
ALTER TABLE `tbl_roles`
  ADD PRIMARY KEY (`ID_Rol`);

--
-- Indices de la tabla `tbl_sexo`
--
ALTER TABLE `tbl_sexo`
  ADD PRIMARY KEY (`ID_Sexo`);

--
-- Indices de la tabla `tbl_tipo_documento`
--
ALTER TABLE `tbl_tipo_documento`
  ADD PRIMARY KEY (`ID_tipo_documento`);

--
-- Indices de la tabla `tbl_tipo_sangre`
--
ALTER TABLE `tbl_tipo_sangre`
  ADD PRIMARY KEY (`ID_Tipo_Sangre`);

--
-- Indices de la tabla `tbl_usuario`
--
ALTER TABLE `tbl_usuario`
  ADD PRIMARY KEY (`ID_Usuario`),
  ADD KEY `ID_Empleado` (`ID_Empleado`),
  ADD KEY `ID_Estado` (`ID_Estado`),
  ADD KEY `ID_Rol` (`ID_Rol`);

--
-- AUTO_INCREMENT de las tablas volcadas
--

--
-- AUTO_INCREMENT de la tabla `tbl_bitacora_evento`
--
ALTER TABLE `tbl_bitacora_evento`
  MODIFY `id_bitacora_evento` int(11) NOT NULL AUTO_INCREMENT, AUTO_INCREMENT=10;

--
-- AUTO_INCREMENT de la tabla `tbl_cargo`
--
ALTER TABLE `tbl_cargo`
  MODIFY `ID_Cargo` int(3) NOT NULL AUTO_INCREMENT, AUTO_INCREMENT=13;

--
-- AUTO_INCREMENT de la tabla `tbl_citas`
--
ALTER TABLE `tbl_citas`
  MODIFY `ID_Cita` bigint(3) NOT NULL AUTO_INCREMENT, AUTO_INCREMENT=2;

--
-- AUTO_INCREMENT de la tabla `tbl_cobros_adicionales`
--
ALTER TABLE `tbl_cobros_adicionales`
  MODIFY `ID_cobro_adicional` int(11) NOT NULL AUTO_INCREMENT, AUTO_INCREMENT=2;

--
-- AUTO_INCREMENT de la tabla `tbl_consultas`
--
ALTER TABLE `tbl_consultas`
  MODIFY `ID_Consulta` bigint(3) NOT NULL AUTO_INCREMENT, AUTO_INCREMENT=2;

--
-- AUTO_INCREMENT de la tabla `tbl_detalle_factura`
--
ALTER TABLE `tbl_detalle_factura`
  MODIFY `id_detalle` int(11) NOT NULL AUTO_INCREMENT, AUTO_INCREMENT=3;

--
-- AUTO_INCREMENT de la tabla `tbl_empleado`
--
ALTER TABLE `tbl_empleado`
  MODIFY `ID_Empleado` int(3) NOT NULL AUTO_INCREMENT, AUTO_INCREMENT=24;

--
-- AUTO_INCREMENT de la tabla `tbl_especialidad`
--
ALTER TABLE `tbl_especialidad`
  MODIFY `ID_especialidad` int(3) NOT NULL AUTO_INCREMENT, AUTO_INCREMENT=14;

--
-- AUTO_INCREMENT de la tabla `tbl_estado_civil`
--
ALTER TABLE `tbl_estado_civil`
  MODIFY `ID_Est_Civil` int(3) NOT NULL AUTO_INCREMENT, AUTO_INCREMENT=9;

--
-- AUTO_INCREMENT de la tabla `tbl_expediente`
--
ALTER TABLE `tbl_expediente`
  MODIFY `ID_expediente` bigint(3) NOT NULL AUTO_INCREMENT, AUTO_INCREMENT=2;

--
-- AUTO_INCREMENT de la tabla `tbl_facturas`
--
ALTER TABLE `tbl_facturas`
  MODIFY `ID_factura` int(11) NOT NULL AUTO_INCREMENT, AUTO_INCREMENT=2;

--
-- AUTO_INCREMENT de la tabla `tbl_fotos_consultas`
--
ALTER TABLE `tbl_fotos_consultas`
  MODIFY `ID_foto` int(11) NOT NULL AUTO_INCREMENT, AUTO_INCREMENT=2;

--
-- AUTO_INCREMENT de la tabla `tbl_pacientes`
--
ALTER TABLE `tbl_pacientes`
  MODIFY `ID_Paciente` int(3) NOT NULL AUTO_INCREMENT, AUTO_INCREMENT=2;

--
-- AUTO_INCREMENT de la tabla `tbl_parametros`
--
ALTER TABLE `tbl_parametros`
  MODIFY `id_parametro` int(3) NOT NULL AUTO_INCREMENT, AUTO_INCREMENT=3;

--
-- AUTO_INCREMENT de la tabla `tbl_parametro_sistema`
--
ALTER TABLE `tbl_parametro_sistema`
  MODIFY `id_parametro` int(11) NOT NULL AUTO_INCREMENT, AUTO_INCREMENT=4;

--
-- AUTO_INCREMENT de la tabla `tbl_parentesco`
--
ALTER TABLE `tbl_parentesco`
  MODIFY `ID_Parentesco` int(3) NOT NULL AUTO_INCREMENT, AUTO_INCREMENT=14;

--
-- AUTO_INCREMENT de la tabla `tbl_permisos`
--
ALTER TABLE `tbl_permisos`
  MODIFY `id_permiso` bigint(3) NOT NULL AUTO_INCREMENT, AUTO_INCREMENT=126;

--
-- AUTO_INCREMENT de la tabla `tbl_preclinica`
--
ALTER TABLE `tbl_preclinica`
  MODIFY `ID_Preclinica` bigint(3) NOT NULL AUTO_INCREMENT, AUTO_INCREMENT=2;

--
-- AUTO_INCREMENT de la tabla `tbl_preguntas`
--
ALTER TABLE `tbl_preguntas`
  MODIFY `ID_Pregunta` bigint(3) NOT NULL AUTO_INCREMENT, AUTO_INCREMENT=13;

--
-- AUTO_INCREMENT de la tabla `tbl_pregunta_usuario`
--
ALTER TABLE `tbl_pregunta_usuario`
  MODIFY `id_pregunta_usuario` bigint(3) NOT NULL AUTO_INCREMENT, AUTO_INCREMENT=67;

--
-- AUTO_INCREMENT de la tabla `tbl_religion`
--
ALTER TABLE `tbl_religion`
  MODIFY `ID_Religion` int(3) NOT NULL AUTO_INCREMENT, AUTO_INCREMENT=11;

--
-- AUTO_INCREMENT de la tabla `tbl_roles`
--
ALTER TABLE `tbl_roles`
  MODIFY `ID_Rol` bigint(3) NOT NULL AUTO_INCREMENT, AUTO_INCREMENT=12;

--
-- AUTO_INCREMENT de la tabla `tbl_sexo`
--
ALTER TABLE `tbl_sexo`
  MODIFY `ID_Sexo` int(1) NOT NULL AUTO_INCREMENT, AUTO_INCREMENT=5;

--
-- AUTO_INCREMENT de la tabla `tbl_tipo_documento`
--
ALTER TABLE `tbl_tipo_documento`
  MODIFY `ID_tipo_documento` int(11) NOT NULL AUTO_INCREMENT, AUTO_INCREMENT=3;

--
-- AUTO_INCREMENT de la tabla `tbl_tipo_sangre`
--
ALTER TABLE `tbl_tipo_sangre`
  MODIFY `ID_Tipo_Sangre` int(3) NOT NULL AUTO_INCREMENT, AUTO_INCREMENT=13;

--
-- AUTO_INCREMENT de la tabla `tbl_usuario`
--
ALTER TABLE `tbl_usuario`
  MODIFY `ID_Usuario` bigint(3) NOT NULL AUTO_INCREMENT, AUTO_INCREMENT=20;

--
-- Restricciones para tablas volcadas
--

--
-- Filtros para la tabla `tbl_bitacora_evento`
--
ALTER TABLE `tbl_bitacora_evento`
  ADD CONSTRAINT `tbl_bitacora_evento_ibfk_1` FOREIGN KEY (`id_usuario`) REFERENCES `tbl_usuario` (`ID_Usuario`) ON DELETE CASCADE ON UPDATE CASCADE,
  ADD CONSTRAINT `tbl_bitacora_evento_ibfk_2` FOREIGN KEY (`id_objeto`) REFERENCES `tbl_objetos` (`id_objeto`) ON DELETE CASCADE ON UPDATE CASCADE;

--
-- Filtros para la tabla `tbl_citas`
--
ALTER TABLE `tbl_citas`
  ADD CONSTRAINT `tbl_citas_ibfk_4` FOREIGN KEY (`ID_Estado`) REFERENCES `tbl_estado_cita` (`ID_Estado`) ON DELETE CASCADE ON UPDATE CASCADE,
  ADD CONSTRAINT `tbl_citas_ibfk_5` FOREIGN KEY (`ID_Usuario`) REFERENCES `tbl_usuario` (`ID_Usuario`) ON DELETE CASCADE ON UPDATE CASCADE,
  ADD CONSTRAINT `tbl_citas_ibfk_7` FOREIGN KEY (`ID_Paciente`) REFERENCES `tbl_pacientes` (`ID_Paciente`) ON DELETE CASCADE ON UPDATE CASCADE,
  ADD CONSTRAINT `tbl_citas_ibfk_8` FOREIGN KEY (`ID_Especialidad`) REFERENCES `tbl_especialidad` (`ID_especialidad`) ON DELETE CASCADE ON UPDATE CASCADE,
  ADD CONSTRAINT `tbl_citas_ibfk_9` FOREIGN KEY (`ID_Empleado`) REFERENCES `tbl_empleado` (`ID_Empleado`) ON DELETE CASCADE ON UPDATE CASCADE;

--
-- Filtros para la tabla `tbl_consultas`
--
ALTER TABLE `tbl_consultas`
  ADD CONSTRAINT `tbl_consultas_ibfk_5` FOREIGN KEY (`ID_Cita`) REFERENCES `tbl_citas` (`ID_Cita`) ON DELETE CASCADE ON UPDATE CASCADE;

--
-- Filtros para la tabla `tbl_detalle_factura`
--
ALTER TABLE `tbl_detalle_factura`
  ADD CONSTRAINT `tbl_detalle_factura_ibfk_1` FOREIGN KEY (`ID_Factura`) REFERENCES `tbl_facturas` (`ID_factura`) ON DELETE CASCADE ON UPDATE CASCADE;

--
-- Filtros para la tabla `tbl_empleado`
--
ALTER TABLE `tbl_empleado`
  ADD CONSTRAINT `tbl_empleado_ibfk_6` FOREIGN KEY (`ID_Cargo`) REFERENCES `tbl_cargo` (`ID_Cargo`) ON DELETE CASCADE ON UPDATE CASCADE,
  ADD CONSTRAINT `tbl_empleado_ibfk_7` FOREIGN KEY (`ID_Especialidad`) REFERENCES `tbl_especialidad` (`ID_especialidad`) ON DELETE CASCADE ON UPDATE CASCADE,
  ADD CONSTRAINT `tbl_empleado_ibfk_8` FOREIGN KEY (`ID_Est_Civil`) REFERENCES `tbl_estado_civil` (`ID_Est_Civil`) ON DELETE CASCADE ON UPDATE CASCADE,
  ADD CONSTRAINT `tbl_empleado_ibfk_9` FOREIGN KEY (`ID_Sexo`) REFERENCES `tbl_sexo` (`ID_Sexo`) ON DELETE CASCADE ON UPDATE CASCADE;

--
-- Filtros para la tabla `tbl_expediente`
--
ALTER TABLE `tbl_expediente`
  ADD CONSTRAINT `tbl_expediente_ibfk_2` FOREIGN KEY (`ID_paciente`) REFERENCES `tbl_pacientes` (`ID_Paciente`) ON DELETE CASCADE ON UPDATE CASCADE,
  ADD CONSTRAINT `tbl_expediente_ibfk_3` FOREIGN KEY (`ID_Cita`) REFERENCES `tbl_citas` (`ID_Cita`);

--
-- Filtros para la tabla `tbl_facturas`
--
ALTER TABLE `tbl_facturas`
  ADD CONSTRAINT `tbl_facturas_ibfk_1` FOREIGN KEY (`ID_cita`) REFERENCES `tbl_citas` (`ID_Cita`) ON DELETE CASCADE ON UPDATE CASCADE,
  ADD CONSTRAINT `tbl_facturas_ibfk_2` FOREIGN KEY (`ID_Paciente`) REFERENCES `tbl_pacientes` (`ID_Paciente`) ON DELETE CASCADE ON UPDATE CASCADE,
  ADD CONSTRAINT `tbl_facturas_ibfk_3` FOREIGN KEY (`ID_Especialidad`) REFERENCES `tbl_especialidad` (`ID_especialidad`) ON DELETE CASCADE ON UPDATE CASCADE;

--
-- Filtros para la tabla `tbl_fotos_consultas`
--
ALTER TABLE `tbl_fotos_consultas`
  ADD CONSTRAINT `tbl_fotos_consultas_ibfk_1` FOREIGN KEY (`ID_Cita`) REFERENCES `tbl_citas` (`ID_Cita`) ON DELETE CASCADE ON UPDATE CASCADE;

--
-- Filtros para la tabla `tbl_pacientes`
--
ALTER TABLE `tbl_pacientes`
  ADD CONSTRAINT `tbl_pacientes_ibfk_10` FOREIGN KEY (`ID_Tipo_Sangre`) REFERENCES `tbl_tipo_sangre` (`ID_Tipo_Sangre`) ON DELETE CASCADE ON UPDATE CASCADE,
  ADD CONSTRAINT `tbl_pacientes_ibfk_11` FOREIGN KEY (`ID_Parentesco`) REFERENCES `tbl_parentesco` (`ID_Parentesco`) ON DELETE CASCADE ON UPDATE CASCADE,
  ADD CONSTRAINT `tbl_pacientes_ibfk_12` FOREIGN KEY (`ID_tipo_documento`) REFERENCES `tbl_tipo_documento` (`ID_tipo_documento`) ON DELETE CASCADE ON UPDATE CASCADE,
  ADD CONSTRAINT `tbl_pacientes_ibfk_7` FOREIGN KEY (`ID_Est_Civil`) REFERENCES `tbl_estado_civil` (`ID_Est_Civil`) ON DELETE CASCADE ON UPDATE CASCADE,
  ADD CONSTRAINT `tbl_pacientes_ibfk_8` FOREIGN KEY (`ID_Sexo`) REFERENCES `tbl_sexo` (`ID_Sexo`) ON DELETE CASCADE ON UPDATE CASCADE,
  ADD CONSTRAINT `tbl_pacientes_ibfk_9` FOREIGN KEY (`ID_Religion`) REFERENCES `tbl_religion` (`ID_Religion`) ON DELETE CASCADE ON UPDATE CASCADE;

--
-- Filtros para la tabla `tbl_permisos`
--
ALTER TABLE `tbl_permisos`
  ADD CONSTRAINT `tbl_permisos_ibfk_1` FOREIGN KEY (`id_objeto`) REFERENCES `tbl_objetos` (`id_objeto`) ON DELETE CASCADE ON UPDATE CASCADE,
  ADD CONSTRAINT `tbl_permisos_ibfk_2` FOREIGN KEY (`id_rol`) REFERENCES `tbl_roles` (`ID_Rol`) ON DELETE CASCADE ON UPDATE CASCADE;

--
-- Filtros para la tabla `tbl_preclinica`
--
ALTER TABLE `tbl_preclinica`
  ADD CONSTRAINT `tbl_preclinica_ibfk_1` FOREIGN KEY (`ID_Cita`) REFERENCES `tbl_citas` (`ID_Cita`) ON DELETE CASCADE ON UPDATE CASCADE;

--
-- Filtros para la tabla `tbl_pregunta_usuario`
--
ALTER TABLE `tbl_pregunta_usuario`
  ADD CONSTRAINT `tbl_pregunta_usuario_ibfk_2` FOREIGN KEY (`ID_Usuario`) REFERENCES `tbl_usuario` (`ID_Usuario`) ON UPDATE CASCADE,
  ADD CONSTRAINT `tbl_pregunta_usuario_ibfk_3` FOREIGN KEY (`ID_Pregunta`) REFERENCES `tbl_preguntas` (`ID_Pregunta`) ON DELETE CASCADE ON UPDATE CASCADE;

--
-- Filtros para la tabla `tbl_usuario`
--
ALTER TABLE `tbl_usuario`
  ADD CONSTRAINT `tbl_usuario_ibfk_3` FOREIGN KEY (`ID_Estado`) REFERENCES `tbl_estado_usuario` (`ID_Estado`) ON UPDATE CASCADE,
  ADD CONSTRAINT `tbl_usuario_ibfk_6` FOREIGN KEY (`ID_Empleado`) REFERENCES `tbl_empleado` (`ID_Empleado`) ON DELETE CASCADE ON UPDATE CASCADE,
  ADD CONSTRAINT `tbl_usuario_ibfk_7` FOREIGN KEY (`ID_Rol`) REFERENCES `tbl_roles` (`ID_Rol`) ON DELETE CASCADE ON UPDATE CASCADE;
COMMIT;

/*!40101 SET CHARACTER_SET_CLIENT=@OLD_CHARACTER_SET_CLIENT */;
/*!40101 SET CHARACTER_SET_RESULTS=@OLD_CHARACTER_SET_RESULTS */;
/*!40101 SET COLLATION_CONNECTION=@OLD_COLLATION_CONNECTION */;
